작성자,내용,작성일,좋아요 수,요일,항목분류
@shl5360,부산사람인데 관광은좋지 살긴싫다,2026-05-22,0,금요일,지역자부심
@tv-qy2sm,부산의 폭발적인 상승세는 이미 동양최대 항구 요코하마와 상하이를 넘어서고 있다.,2026-05-21,0,목요일,지역자부심
@livingkim5311,부산에 있는 산도 훌륭한 관광자원입니다.  모노레일이나 케이블 트램등으로 관광객들 접근이 쉽게 해야 부산전체가 관광경기의 헤택을 누릴 수 있흡니다,2026-05-21,0,목요일,경제효과
@ckh40331,박형준시장이 많이 발전시키고 바꾼거네.....잘한건 잘한거지....,2026-05-21,0,목요일,정책 제안
@YoomiKim-fv4kb,내고향 부산 ㅡ나의 청춘은 해운대 바다와 갈매기의 클래식 음악! 나는 사랑한다 나의 젊음의 시대  미래를 향해 방황하고 고등학교를 졸업 할 수 있엇ㅅ음에 감사합니다 나의 키다리 선생님! 나의 해운대여상#,2026-05-21,0,목요일,지역자부심
@복복이-s복복,대구사람으로서 부럽네....,2026-05-21,1,목요일,지역자부심
@odori6678,"부산은 일단,  사람들이 너무 매력적이심....따뜻한 심성의 츤데레....한 번 빠지면 헤어나올 수 없어...",2026-05-21,0,목요일,지역자부심
@윤영-j3z,부산은 그냥 바다만보고 와도 좋더라 이재모피자 줄서서 사먹는것도 재밌고,2026-05-21,0,목요일,지역자부심
@kcknabi,기업 좀 유치해라 부산,2026-05-21,1,목요일,경제효과
@성이-x5n,음식은맛없고짜고 승용차들은 다혈질에 빵빵대고.,2026-05-21,1,목요일,교통문제
@mnm-q9u,"부산인들아 제발 친중정치인 뽑지마라..중국인한테 상권, 부동산 내주지 마라",2026-05-21,1,목요일,경제효과
@이빛채운,한국의 홍콩 부산 화이팅,2026-05-21,1,목요일,지역자부심
@이빛채운,Bts 올때 바가지 10배 숙박업소들 진짜 걱정된다 애써 와준 외국관광객들 발길 돌리고 나가고 한국이미지 나락되고 못된 노예근성 바가지들때매 걱정이다,2026-05-21,1,목요일,숙박/물가
@jn-vigg,갈매기 인형😅 너무 귀엽다,2026-05-21,0,목요일,기타
@왕코딱지-f3b,인천은 서울 환승도시고 지출의 대부분이 인공에서 나올껄?,2026-05-21,0,목요일,기타
@sia.T,"알아서 찾아오는데 관광 개발, 활성화, 인프라 확장으로 물 들어올 때 노 저어야 하는데 이런건 뒷전이고 오로지 부동산~ 철도 노선 확장도 안돼 예약도 힘듦. 부산시는 지금까지 뭐한거냐?",2026-05-21,2,목요일,지역자부심
@오호-b6p,요즘 전쟁 여파로 관광객 확 줄어써ㅜㅜ,2026-05-21,0,목요일,관광객 쏠림
@코람스,일자리가 중요하지  관광백날 와봐야  헛일이지,2026-05-20,0,수요일,기타
@호상임-i2s,"쏠림 걱정하지 마라. 그냥 해운대, 광안리, 송정, 기장, 태종대 위주로 발전시켜라.",2026-05-20,0,수요일,관광객 쏠림
@최성우-b6f,인천을 앞질러....인천은 관문 공항 때문이지..,2026-05-20,0,수요일,기타
@lolo-o9l-i7z,"일주일전 국제시장 구경갔더니 진짜로 외국인이 더많았다 
놀랬다 놀랬어",2026-05-20,0,수요일,외국인 인식
@카리-c7x,역시 바다가 있으니까 가능성이 있네. 대구는 희망없음 걍 뒤짐 ㅋㅋ,2026-05-19,0,화요일,기타
@제천대성-b8q,저도 부산의 자연과 도시가 적절히 어우러진 모습을 좋아해서 자주 찾습니다.^,2026-05-19,0,화요일,지역자부심
@kank5705,부산에[ 뭐볼게 있지,2026-05-19,0,화요일,지역자부심
@마음고침,부산 고래사어묵 먹다 집말아 먹기 쉽상이다~오뎅 하나에 3500원~~,2026-05-18,0,월요일,지역자부심
@낙동강-r4s,와 오는지 몰러,2026-05-18,0,월요일,기타
@kimchris-e4w,"부산은 직장유치로 시민 유입이 늘어야 관광이 더 잘될거임 레딧이나 유튜브에 외국인들 부산 만족한 반응보면 관광도 관광인데 전부 물가싸고 음식 맛있음이 꼭 포함됨 이런 이유는 부산 사람이 착해서가 아니라 부산이 아직 300만이 넘고 그나마 자체 경제권이 있어 부산시민들이 대다수 소비를 하니 그 사람들을 위해 장사를 하는 사람이 더 많을 수 밖에 없어 물가가 유지됨, 이런 뉴스 댓글보면 바가지 주의해라는 타령 많은데 현재 기준으로 부산 수입의 대부분이 관광으로 바뀌면 아무리 노력해도 바가지 물가 될 수 밖에 없음... 관광업으로 유명한 일본에 도쿄 제외하고 오사카나 후쿠오카도 자체 경제권역이 부산보다 크거나 대등한 대단히 큰 지역인데 그것을 뛰어넘는 관광객이 오니깐 물가 올라서 일본인들도 괴로워 하는거 보면 부산은 현 유행에 커지다보면 물가 폭등 막을 수 없음",2026-05-18,0,월요일,경제효과
@이사라-v8d,부산 화이팅,2026-05-18,0,월요일,지역자부심
@qqq_iusti1,요즘 공공뉴스도 썸네일 제목 자극적이게 만드네,2026-05-18,0,월요일,기타
@레드선셋-Y,차기 부산 시장님 아파트 그만 짓고 관광 인프라에 힘스시길....,2026-05-17,0,일요일,지역자부심
@ililiiliiililiili,산업은 다 빠져나가고 노인과 관광객만 득실되는 도시가 되었네 😂,2026-05-15,0,금요일,관광객 쏠림
@swithun60,오.. 드디어 부산의 오랜 노력이 결실을 맺는군요~ 부산 참 좋죠~ 시장 고생 많았네요,2026-05-15,2,금요일,지역자부심
@뿡뿡이-u2x,볼거리중 매주토요일 광안리 드론축제 시간이 20분이라 너무 짧아서 아쉬움~,2026-05-15,1,금요일,관광객 쏠림
@zzangkwon3835,윤두창 계엄 중이었으면 꿈도 못꿀일 ㅋㅋㅋ,2026-05-14,0,목요일,기타
@트래저씨,대기업 한두개만 들어오면 진짜 좋을텐데,2026-05-13,0,수요일,경제효과
@이연하-n5q,서울 그냥 두러보는곳 부산은 살고싶은곳,2026-05-13,0,수요일,지역자부심
@hendel2002,"해수부 갈 필요 없을 듯
이번 선거는 국민의 힘 승리일 듯😂😂😂😂😂",2026-05-08,0,금요일,기타
@뒤지니-d6n,"인천은 그냥 공항빨이잖아ㅋ
인천에 살지만..갈만한곳이 없음ㅋ
식당 이런데는 괜찮지만.",2026-05-08,0,금요일,기타
@브롯-m4z,롯데월드 만들었으면 대박인데.. 유니버셜 스튜디오 유치하는게 빠를 듯 ㅎ,2026-05-08,0,금요일,경제효과
@manfish6135,"바라옵건대 모든 상점,음식점에서 1인 받고 
카드 받고 길거리에 쓰레기통 두고...
어깨빵, 가방빵,인구밀도가 높아서 그런지 예사로 빵빵 ㅎ~ 
마트에서도 매너있게 즉 카트로 진로 방해등 갈길이 많습니다
한국서 2년째 살고 있는 동포의 눈엔...",2026-05-08,0,금요일,숙박/물가
@glenperry2,관광도시로 잘 발전했으면 좋겠다,2026-05-08,0,금요일,기타
@sung6082,"부산이야 뭐 음식으론 걱정없지 
워낙 맛이잇으니 다만 바가지가 문제",2026-05-08,1,금요일,지역자부심
@jinsangkim8328,노인과바다 그리고 아파트.  경제위기에 찾아온 관광객. 원래대로 하시면 됩니다. 관광객이 많아고 물값 두배가 받으면 안됩니다. 부산 화이팅,2026-05-08,0,금요일,경제효과
@byeonsh3953,"부산 놀 곳이 많지. 해운대바닷가 걷다가 고기집 좀 갔다가 더베이거쳐서 해운대 요트타고. 동백섬 한바퀴걷고. 청사포 조개구이먹고. 
또 다른날은 송정 바닷가갔다가 기장에서 대게찜먹고.용궁사 갔다가 아울렛 들르고. 
또 다른날은 서면갔다가 경대갔다가 남천동 맛집들 가보고..광안리바닷가 갔다가 밤에는 황령산 드라이브코스 가보고. 
또 다른날은 남포동,광복동갔다가 감천문화마을갔다가 을숙도 거쳐서 다대포 노을좀 보고. 
또 다른날은 금정산 등산했다가 온천장가서 사우나 좀 하고 온천천 좀 걷다가 카페가서 커피한잔하고.
가볼만한곳이 많은게 산.바다.강 다 갖춰있고 음식도 독특하니 즐길거리 다양성이 많아서 좋음.",2026-05-08,0,금요일,지역자부심
@an3sp4r,부산 좋지...부산 부자 도시 되기를 바란다.,2026-05-08,1,금요일,지역자부심
@syc000777,서울구경에  끼워넣어 잠깐  감,2026-05-08,0,금요일,기타
@ohsy1119,"남포동과 영도 쪽은
국제시장ㆍ 부평시장ㆍ자갈치 시장 등은
지저분한 느낌
재정비하고
광장 필요
버스킹 과 간이식사할 테이블 등 비치
국짐당 지자체
무능 부정부패 
맨날 똑ㅇ같네",2026-05-08,0,금요일,정책 제안
@토리s-q6p,"1조가 머냐 3조를 위해 
더 달려야지.!",2026-05-08,1,금요일,기타
@하이욧-u5q,오지마라 쫌,2026-05-08,0,금요일,기타
@duriboki2,"관광특구만 발전하고
그 외지역은 슬럼화
부산 원주민은 일자리 앖어서 가족 단위로 떠남
월급은 10여년 전 ㆍ수준인데 아파트는 7억 9억
2~30대가 애낳고 집살수가 없어서 다 떠남
관광 발전 그 이면엔 최저시급 비정규직 안파뿐",2026-05-08,0,금요일,지역자부심
@yellow3466,북극항로만 열리면 부산 전성기 시대가 온다,2026-05-08,0,금요일,지역자부심
@알렉스-xox,"내국인 내도 2주전 갔다옴
광안리 자갈치 국제 깡통 시장 돌고 밀면 돼지국밥 낙곱새 회 먹고 감천문화마을 다대포 기장카페 용궁 해동사 모모스커피
영도 아르떼 뮤지엄 태종대 볼것 많고 먹을것도 많음 물가도 그렇게 비싸지도 않음 지하철 버스 택시 대중교통 인프라도 잘되어 있음 숙박시설 토요코인 연박해서 저렴하게 보냈고 아침에 호텔 조식 나와서 든든하게 잘 먹었음",2026-05-08,3,금요일,교통문제
@mschoi2383,"알고 보면 부산이 서울보다 더 놀거리가 풍성하다.
다만 쏠림이나 불균형 발전 투자는 역효과를 낳는다.",2026-05-08,0,금요일,지역자부심
@성영준-k4b,1조면 상당한데?,2026-05-08,0,금요일,기타
@3650day,"서울과 멀리 떨어진 부산이 제 2의도시를 지키는게 우리나라를 위해서도 좋은거다. 예전에 일본과의 수출입으로 부산이 잘나갔었는데 일본이 예전같지 않다고 해도 인공지능, 로봇, 데이터 센터,우주,바이오 등 일본의 유망한 중소기업,스타트업 회사를 부산으로 유치하기 좋은 지리적 이점이 있는데 적극적으로 유치 했으면 한다.한국 청년들에게도 미래 산업과 관련된 스타트업 창입도 많이 지원해 줘야지.  관광만으로 제 2의 도시를 지키기 힘들다. 관광산업은 기복이 심한 산업이고 일자리 창출도 적고 도시를 크게 성장 시키지 못한다. 지금 원화 가치가 너무 떨어져서 외국인 관광객이 많은거고 환율이 떨어지거나 부산 물가가 오르거나 다른나라에 대체 관광지가 생기거나 세계 경제 불황이 오면 부산의 외국인 관광객은 감소할거고 코로나 같은 특수한 전염병이 생기면 몇년간 외국인  관광객은 급감한다. 지금 외국인 관광객으로 돈벌었다고 부산이 좋아하고 안주할때가 아님. 관광으로 번 돈을 미래산업을 구축하고 투자해야 된다",2026-05-08,1,금요일,경제효과
@bluesenset,"몇 몇 관광지만 신경 쓸게 아니라 국토 곳곳을 아름답게 만드려는 시도가 있어야죠. 내가 좋아야 남도 좋은법입니다. 지저분하고 안예쁘고 불친절하면 외국인뿐 아니라 내국인도 안갑니다. 이제 외국인들은 전국 곳곳을 누비고 다니도 유튜브 연상으로 전 세계가 다보는 세상입니다. 각지역 특색을 살리면 그게 관광지, 명소가 될겁니다",2026-05-08,1,금요일,외국인 인식
@noouijkrap,해운대 청 사포 마을버스좀 늘려라.. 외국인들때메 할머니들 언덕배기 올라가셔야하는데 마을버스를 못타고 다니심.. 외국인들도 좁은버스에 꽉끼는데 불편할거아녀.. 그리고 장산에서 광안리 가는38번 버스도 좀 배차 늘리고.. 저번에 보니까 외국인들 못타더라 자리가 없어서ㅋㅋㅋ근데 배차시간이 20~30분간격인게 말이됨? 물들어올떄 노 좀,2026-05-08,1,금요일,교통문제
@성이름-n4d8s,"정작 문제는 자국민 청년들 일거리가 없음...
기업들 죄다 내쫓아서",2026-05-08,0,금요일,경제효과
@jhy2278,"ㅋㅋ 국내 호갱들이 실상을 알게 되니까 해외호갱들한테 집중ㅎㅏ네~~ 부산사람으로서 한마디~ 광안리,해운대,미포 근처 횟집은 몇군데 빼고는 가지마라~",2026-05-08,0,금요일,지역자부심
@유광석-k9j,제발 김해공항좀 확장해줘!!!! 새벽비행기 너무 힘들어!!!,2026-05-08,0,금요일,기타
@badyouknows,내고향 부산 최고최고,2026-05-08,1,금요일,지역자부심
@필리포인자기-x2b,"원화가 똥값이라 많이들 놀러 오는군,,,,,,,,ㅋㅋㅋㅋㅋㅋ",2026-05-01,0,금요일,기타
@시공간행-e2w6l,본토 중국인보다 대만중국인이 낫긴하지.,2026-05-01,0,금요일,외국인 인식
@김도연-q6w,가덕도 공항이 생겨야 해요  직항이 급선무,2026-05-01,0,금요일,기타
@호우야나,인천이랑 비교는 에바지... 부산은 관광도신데,2026-05-01,0,금요일,지역자부심
@hohahoho,조용한맛에갔는데 이제못가겠누,2026-05-01,0,금요일,기타
@순대렐라-c8d,"부산시장 형준아  일해라 일
아파트만 짓지말고",2026-05-01,0,금요일,지역자부심
@kihong100,바가지 상흔이 유일한 함정임. 어물전 망신 꼴뚜기가 시킨다는 거.....  순식간에 나락갈 수 있습니다.,2026-05-01,0,금요일,숙박/물가
@김범수-d8q,"김해공항은
기자야 문제는 첫관문 택시기사
조사해봐라
특히 저녁과 밤은 무법지대다",2026-05-01,0,금요일,기타
@김범수-d8q,"김해공항 택시기사
조폭수준이다",2026-05-01,0,금요일,기타
@김범수-d8q,"김해공항 택시 승차거부단합문제,호객행위
어제 깜짝 놀랐다
외국인들 처참히 줄서서 기다리는
거 보고 우리나라 맞나 싶었다
120번 신고 전화했더니
당직으로 연결 되고 아무런 대응도
안되는 신고를 왜 하라는 건지
신고 중에 호객행위 해운대 갈분
만 찾고 가격은 제 멋대로 부르는 택시기사 ...
택시기사가 아니라 조폭 양아지 
무섭드라
거의 방치 수준
김해공항 이거 개선 안하면 국제망신이다",2026-05-01,0,금요일,교통문제
@강진-f9w,인천하고 비교하는게 말이 되냐. 여즉 가덕도 신공항 밀어부치지 못하는데 뭣이 중한지도 모르는 착한 부산시민들... ㅠ,2026-05-01,0,금요일,지역자부심
@moonrivertommy3060,해운대 재래시장 핫도그 한개 4천~5천원 이거 손좀 봐주세요.다른거는 그래도 핫도그는 대략 1500~2000원이 적정수준임.바로근처 소고기 국밥이 9천원인데 이게 말이됨?,2026-04-24,0,금요일,관광객 쏠림
@김정환-y7r2m,"얼마전 부산다녀온 싱가폴분들한테
어땠냐고 물어보니
서울보다 훨씬 좋았다고하는거보니
분명 잘만 가꾸면 경댕력있을겁니다",2026-04-24,5,금요일,지역자부심
@mongchimongchi9680,그닠가 재대로좀 가꾸라고  아파트 그만짓고,2026-04-22,0,수요일,기타
@tatemodern9797,광장시장마냥 상인회만들어 서울시와 공무원들에게  뒷돈좀 주고 카드도 안받고 드러워도  바가지씌워도  눈감아 주는 노하우같은건 전수받지 마시길,2026-04-22,0,수요일,경제효과
@박쿠다스,환율 개박살 났거든,2026-04-22,1,수요일,기타
@scavengers19,"백인 방문객들에게만큼은 특별우대를 해줘야..선진국에서 오신 고귀하고 고귀하신 우수인종이시니까. 
솔직히 한국인 입장에서는 백인님을 면전에서 대하는 것 자체가 영광스러운 일 아닌감? 푸른 눈동자에 금발 머리카락, 늠름하고 훤칠한 백인님의 자태...아아~~보기만 해도 탄성이 절로 나오는구나..이렇게 귀하고 귀하신 백인님들이 누추한 한반도까지 친히 방문해주시는 것만으로도 황송할 지경. 
그러니 이들 백인님들을 최대한 즐겁게 해드리고 한국에 대한 좋은 인상을 받으실 수 있도록 정부차원에서 혈세를 부어서라도 각별히 모셔라. 
체류에 불편함이 없으시도록 동선을 추적하며 세세히 신경써서 제반사항을 챙겨드려야 한다. 여흥, 체류에 소비된 지출은 출국 시 절반을 환급해 드리는 것도 잊지 말아야..",2026-04-22,0,수요일,교통문제
@오대군-x9s,뿌싼아이가마힘내라이,2026-04-22,0,수요일,기타
@user-kl2ok9bs6s,진짜 바가지만 안하면 되요 광장시장보세요 물값2000 원  광장시장도 한순간에 나락갑니다,2026-04-22,0,수요일,숙박/물가
@bsnls,꼬우면 안 쳐먹으면 됨. 여유 있으면 먹고,2026-05-01,0,금요일,기타
@yousunkim8769,중공산 기념품 좀 팔지 마라. 낯 뜨겁다.,2026-04-22,0,수요일,기타
@generation1-4-19,"일본은 관광객이 너무 많아 주민들 민폐도 크고 거리도 더러워져서 관광객 이중가격제 실시한다는데...
부산이 관리 잘해서 깨끗한 관광지로 더 발전하면 좋겠네요",2026-04-22,0,수요일,지역자부심
@파-m1m,"굴뚝없는 산업 관광업 문제는 광관을 맞이 하는  상업인들이 잘해야 합니다 바가지는 절대로 안되며 친절은 옵션입니다
우리나라는 손님을 극진히 대접하는 풍습이 있어요.
그분들에게 다시 올 수 있는 추억이 되어야 겠지요",2026-04-22,0,수요일,숙박/물가
@kimcourir,서울에 갔다가 부산 가는거라 그다지...,2026-04-22,0,수요일,지역자부심
@soonyounglee2526,신이 부산에게 주는 마지막 부흥기회다..,2026-04-22,0,수요일,지역자부심
@kalrez,부산 더 발전해야됨.... 해운대 광안리빼고는 아직 다른데는 별로 갈곳이 없음....동래나 다른데도 좀 발전좀 시켜줘라....,2026-04-22,0,수요일,지역자부심
@SpemInAlium-u7w,홍콩 가기 전에 부산 먼저,2026-04-22,0,수요일,지역자부심
@모세류,한국판 오사카 만들자,2026-04-22,0,수요일,기타
@mlawiltj923r,"미국 교포입니다. 호텔보다는 에어비앤비를 찾아서 2주내지 한달살기를 계획하고 있는 중입니다.  챗지피티는 해운대나 광안리를 추천해 주고있고, 강릉을 또 강력한 후보로 추천해 주더군요.",2026-04-22,0,수요일,관광객 쏠림
@user_djsfotifi02,근데 이젠 부산이든 서울이든 제주도든 10블록안에 꼭 금발외국인이 엄청 흔해졌음,2026-04-22,0,수요일,지역자부심
@때로는개가사람보다,"고무장갑도 함께 토렴하는 전통적인 모습,, 전세계인에게 보여주는 구나...역시 아주아주 진솔한 방송이구만...쩝",2026-04-22,0,수요일,기타
@박스돌파,해운대를 살려라,2026-04-22,0,수요일,관광객 쏠림
@joykim1591,서울사는 시민으로 올해 부산에 좋은 소식이 자주들려 좋네요 맨날 노인과바다니 뭐니 비아냥 소리만 들렸는데 화이팅 부산~~!!!,2026-04-22,0,수요일,지역자부심
@송백섭-f8l,이러니까.. 신가덕도공항이 급 필요하지 ..,2026-04-22,2,수요일,기타
@xiluyun,부산에 뭐가 있는디?,2026-04-22,1,수요일,지역자부심
@김명순-d5x,해운대 사는사람으로 솔직히 자주못감. 주말. 평소깨도  넘 외국인들이 많아 정신없음.  시장도 넘 오래되서 신선한맛도 없는데.. 광관철이면  시내나가가도 함든 교통체증.  관광지에 사는겋도 파곤함.,2026-04-22,1,수요일,교통문제
@김정식-l9f,바가지 불친절 좀 근절해라,2026-04-22,0,수요일,숙박/물가
@kgeeho,금정산과 동래지역을 잘 연결해봐.,2026-04-22,0,수요일,기타
@first.tingle_on,내수 살리자🎉🎉🎉,2026-04-22,0,수요일,기타
@김동현-d5y,부산은 외국인들이 먼저 인정한 곳이지 수도권은 뒤따라 관심,2026-04-22,3,수요일,지역자부심
@h2v2m,검색이나 좀 하고 글을 적어라,2026-04-22,0,수요일,기타
@kimcourir,​ @h2v2m 뭐라고 검색할깝숑?,2026-04-22,0,수요일,기타
@김동현-d5y,부산 울산 경남 인구 754만 gdp 364조다. 참고로 서울 575조. 부산과 울산 경남은 한 권역이라고 보면 됨. 내륙에서 서울과 가장 멀어  과소 평가,2026-04-22,2,수요일,지역자부심
@역삼동-y9z,수도권도 아니고 포화상태인 김해공항으로 대다나다,2026-04-22,1,수요일,기타
@mjK-q5g,"갈매기 넘 귀엽다 
부산 갈매기 ~ 부산 갈매기~",2026-03-22,0,일요일,지역자부심
@혼돈의나그네-v3h,돈 좀 많이 쓰고가라 맨날 싸구려 사지 말고 비싼것도 먹고,2026-03-22,0,일요일,경제효과
@남김종대-b6b,관광객 오지말고  반도체공장 와야지 ㆍ관광객은  도움이 안돼,2026-03-22,1,일요일,관광객 쏠림
@Hammer-j1t,"부산시는 관광지 주변에
깨끗하고 새련된 화장실을
만들어서 관리하기를 바란다
그리고 청소하는 사람도
고용하고😊",2026-03-22,0,일요일,지역자부심
@algebrak4428,"부산이랑 가까운데 살고 있어서 부산을 자주 가는데, 늘 눈에 띄는 건 고속도로에서 부산 들어가는 길에 쓰레기가 너무 많고, 김해공항 들어가는 길이랑 공항 주변 쓰레기 너무 많아서, 이런 곳들이 부산의 첫인상 같은 곳인데 너무 더러움.  나이 드신 분들 아무데서나 담배 피고 버리고 가는 것도 여전함. 컨텐츠도 잘 만들어야 하지만 각 구청에서 흡연, 쓰레기 문제 좀 잘 개선했으면 좋겠습니다.",2026-03-22,3,일요일,지역자부심
@나드리-k5n,"남포동 번화가 옆 용두산에도 외국 젊은이들이 방문하게 뭔가 산뜻한 아이디어를,!! 
한산하더군. 아까위 .
용두산 에레지 노래에 있듯이 커플 자물쇠라도 달 곳이라도두면.
남포동 번화가와 연계된 관광명소를 만들어야 될 듯.",2026-03-22,0,일요일,외국인 인식
@krista3494,흰여울마을의 안전성을 제대로 조사하고 보완하여 K-Santorini로 발전시키면 좋겠다. 허름한 건물들은 리노베이션하거나 한옥도 지으면 좋겠다.,2026-03-22,0,일요일,기타
@더블브릿지,"인천 사람 입니다만 인천은 비켜 가는게 좋을 듯 합니다 갈 데가 있나요 차이나타운 지져분 하고 
동화마을은 어거지로 만든거고  왜 오는지 이해가 안감",2026-03-22,2,일요일,교통문제
@뀨뀨-l7b,"제2도시이자 

서울이랑 다른 문화가 있는 동남권 최대도시인데

서울10분의 1 규모에 인천이랑 비교되는거 자체가..,.

20년 전만해도 여름철에

지금 양양 방콕 동남아 가는 수요가 다 부산 해운대로 몰렸고

이름있는 영화사도 꼬ㅒ 있었고

모델들도 연예인들도 밤문화도 

여름 한정으로는 서울이랑 동일선상에서 비교되면서 색다른 느낌이었는데

지금은 냉정하게

공부 못해서 (or 가난해서) 서울 못올라간 학생들,
반달 토토 총판 클럽엠디 삼류 호빠 웨이터 쉬었음청년 들만 가득한 도시에

절대 관광수요 몰릴 리가 없지",2026-03-22,0,일요일,지역자부심
@bluejaystoronto703,일자리만 있다면 한국인들이 가장 살고싶은 도시가 아닐까 싶음,2026-03-22,4,일요일,기타
@정옥-n1v,크루즈 부두에서 일하고  있는데 부산이 모형도시같다고 연신 이쁘다고 하셨네요ㅎㅎ,2026-03-22,0,일요일,지역자부심
@라라랜드랑,"잘했다 내란당 국민의힘의나라 부산 서부산권 강서구 사상구 사하구 가지마라 아파트랑 주택가 공장밖에없다
아~~무것도 없다
열심히 일하는 동남아 근로자들은 많다
사상구는 그흔한 맥날도없다",2026-03-22,0,일요일,지역자부심
@수정냥,저 세군데말고 갈데 있냐고,2026-03-22,0,일요일,기타
@요리하는집사,"박형준 시장 이제 그만하자. 아파트,  주상복합이 그렇게 좋으신가.",2026-03-22,0,일요일,정책 제안
@김수진-c1i5i,있을때 더 잘해야한다,2026-03-22,0,일요일,기타
@라이트닝-d2x,중국인이 부산 큰손이구나................,2026-03-22,0,일요일,지역자부심
@thunykim7542,이제 투표만 똑바로하면 되겠구만 이 놈에 경상도의 뒷통수는 믿을 수가 있어야지,2026-03-22,0,일요일,기타
@kangcharlie9454,"부산좋아
부산남자도좋지요  ^ ^♡",2026-03-22,0,일요일,지역자부심
@kangcharlie9454,"오 ~~~~~~~~♡♡♡
부산~~~♡
외국인이   먹여살리네
부산잘되길바래 ^  ^",2026-03-22,0,일요일,지역자부심
@로켓펀쳐,"부산이 유일하게 국내 어떤 도시에도 뒤지지 않는 강점이 관광인데, 가만 있어도 잘 돼서 그런가 시에서 너무 관심이 없는 게 안타까움
여의도 있고 싱가폴 있는데 쓸데없이 금융에 투자하지 말고, 공장들 유치 못시킬 거면 관광에 진짜 올인해야하는데 너무 관심이 없고 부네치아같은 특색없는 전형적인 공무원 일처리 방식의 결과물만 만들어댐…",2026-03-22,0,일요일,경제효과
@codeisk,하지만 대한민국 제2도시의 공항이 동남아 보다 못하다는거,2026-03-22,2,일요일,기타
@user-kb1go7sv7w,또 인기많아진다고 이것저것 개발에만 신경쓰다가 주변 경관 해치지말고 지금의 아름다운 모습은 최대한 유지하길!!,2026-03-22,0,일요일,정책 제안
@JingooKim-zx7gt,"국제시장이 떠오르는 관광시장 이란다 ㅎ
부산을 전혀 모르는 방송 이네요",2026-03-22,0,일요일,지역자부심
@GMK5873,사람 북적북적하고 차들이 많아서 매연 독하고 갑갑한 서울보다 바다를 가까이에서 볼수있고 밝은자연경관과 안식을 느낄수있는 유일한 곳이 부산이라고 생각함~33 (>0<)/ 부산의  관광업계 아주 바쁘겠구만~~ 좋아 👍,2026-03-22,0,일요일,지역자부심
@황금사과-x9x,남포동도 좀 더 발전시켜라,2026-03-22,0,일요일,기타
@기름덩어리-y9y,대만관광객들과 중궈 분명히 구분해서 대하세요!,2026-03-22,0,일요일,관광객 쏠림
@CJ-xl8fk,바가지 처단하자 정직하게 오래하자,2026-03-22,0,일요일,숙박/물가
@승태할멈,관광도시좋은거아닌데ㅋㅋ,2026-03-22,1,일요일,기타
@jomiki,아씨.. 미리 야나두쫌 할꺼로...ㅠㅠ,2026-03-22,0,일요일,기타
@박경아-m3l,"이번에 부산 제대로 볼려고 일주일 시간내었내요
볼게 너무 많아서 일주일로 부족할까 걱정이네요",2026-03-22,0,일요일,지역자부심
@moon-jh-r4x,"부산,경주 연결하는 전철이나 버스 등을 만들면 관광 상품으로 나쁘지 않음",2026-03-22,4,일요일,지역자부심
@JYLee-q2b,"뭐 볼거있다고 저래 가노 ?
바다랑 산밖에 없는 도시에",2026-03-22,1,일요일,기타
@박정임-d1p,부산울 싱사폴처럼 만들어 최고 도시로 만들어 지역경제 발전 시켜라.,2026-03-22,0,일요일,경제효과
@albowalbowalbow,부산은 대도시의 장점과 천혜의 자연 둘다 누릴 수 있는 곳이지.,2026-03-22,0,일요일,지역자부심
@CPIas-s6w,하수구 냄새 안 올라오게 해주라~~,2026-03-22,0,일요일,기타
@walmartsourcing279,이 기회에 다국적기업 법인세 대폭 면제해서 아일랜드 처럼 다국적 기업 유치안을 내 놓는 것도 적절한 시점인듯.,2026-03-22,0,일요일,경제효과
@채영제-c7k,"시민들은 스스로 스마일 교육을 받아야 한다.
특히 중국, 대만과 일본인들에게 적대감을 주지 말라.",2026-03-22,0,일요일,기타
@godjaeyong,부산. 강인한 사람들과 저렴한 음식점과 푸른 바다가 있는 곳. 개인적으로 서해 도시들 보다 훨씬 좋아하는 곳임. 부산이 다시 부흥하길! 인천은 솔까 똥물..,2026-03-22,0,일요일,지역자부심
@록스_Rox,많이오세요~~🥰🥰,2026-03-22,0,일요일,기타
@원현경-c7g,남편에게 오사카처럼 서면동강을 도톤보리강보다 아름답게 만들면 좋겠다고 했더나 똥강이 그럴일은 절대 없을 거라구 합니다.부산시장이 되시면  동강좀 바꿔놓을수 없을까요?,2026-03-22,0,일요일,지역자부심
@라미유-i2g,"부산에 특색있는 지역에 규제를 좀 없애줘서 관광객들이 이곳저곳 다니게 해줘야함
규제를 맞추려면 왠만한 건물 다 허물고 다시 지어야 영업이 가능한데
그럼 부산다움은 금방 사라질듯",2026-03-22,0,일요일,지역자부심
@제제-i5n,대통령이 바뀌니. 니들도 이래 좋아진다. 좀 명심해라. 또 멍충이 같은 내란당 놈들 뽑지 말고.,2026-03-22,0,일요일,기타
@비오는밤-o2d,부산하고 인천 관광객수입 둘다 합쳐도 서울의 5분 1밖에 안되네.,2026-03-22,0,일요일,지역자부심
@데니스-h6y,"저렇게 외국인 많이와도 1년에 15조가 여행수지 적자여. 한국인들 뭘 그렇게 해외가서 돈 펑펑 쓰는지? 전부 과소비이며, 허세부리는 작자들. 여행 갔다오면 조용히 다녀와 sns나 방송에 처 올리지말고. 연예인 방송가 부터가 해외 여행 부추기고 있어.",2026-03-22,0,일요일,경제효과
@설유화-m6c,"대통령께서 지적하신 김해공항에서 인천공항 직항이 필요합니다.
김해에서 김포갔다가 인천가려면 국내에서 너무 먼거리를 이동해야합니다.
출국도 하기 전에 지쳐버리니까요.",2026-03-22,0,일요일,기타
@Eye_of_the_Beholder_88,부산은 이제 일자리만 있으면 되는데 그게 제일 어려움. 수도권이랑 멀어서 ㅠㅠ,2026-03-22,0,일요일,지역자부심
@AidanPark-w6l,공항빼고 하나볼 것 없는 인천이 2위였다니 공항덕이 이리 컸군 세금2배이상 내야지 부산에 공항하나 만드는걸 그리 트집이나 잡고 원전은 그렇다치고 사실상 50년이상  고준위 핵폐기장으로 만들어 놓고,2026-03-22,2,일요일,지역자부심
@SOONJUKIM-c3z,해운대와 감천마을보면 돈 쓸 데가 없어요ᆢ관계자들 분발하여 관광수입늘여야 ᆢ,2026-03-22,0,일요일,경제효과
@ROKairforce88,"서면 롯데백화점 앞 포차에서 술 한 잔 하는데 
우루루~`관광객이 들어 오길래 중국인인줄 알았디만 전부 대만인.",2026-03-22,0,일요일,교통문제
@꿀복덩-w4c,부산 흥해라,2026-03-22,0,일요일,지역자부심
@usmyuonf,부산 음식이 타지방에 비하면 넘사지,2026-03-22,0,일요일,지역자부심
@박정수-n2s,이런거좀 홍보해라;,2026-03-22,0,일요일,기타
@채소플리,"부산토박이입니다..
유명 관광지 말고는 솔직히 퀄리티 많이 떨어져요
시에서 좀더 곳곳에 신경좀써주세요~!",2026-03-22,0,일요일,지역자부심
@albertm569,내가 서울 경기 부산 다살아봤는데 부산이 서민입장에서 싼물가+대도시인프라+자연환경까지 같이 갖춰져서제일 살기도 제일 좋음 근데 딱하나 윗세대 시민의식수준이 서울경기는 선진국수준으로 많이 올라왔는데 아직 그대로임 행정이랑,2026-03-22,0,일요일,경제효과
@조쿠나61,해운대 광안리는 우리가 봐도 너무 아름다운 뷰를 자랑합니다,2026-03-22,5,일요일,관광객 쏠림
@문화생활채널,부산시장가족이 위 아래 사는 엘시티도 보이네요,2026-03-22,0,일요일,지역자부심
@KKK-iv5xj,"도대체 뭐 가 볼게 있다고 오는지
도통 이해가 안되는 1인...",2026-03-22,0,일요일,기타
@opop-f4n3p,부산깡통시장 확장좀 너무좁다,2026-03-22,0,일요일,지역자부심
@Z맨철거,외국인들 많이 오면 좋지요. 상권도 살아나고 개업철거도 하고 요즘은 폐업철거만 해서.... 소상공인분들 화이팅!!!!,2026-03-22,1,일요일,경제효과
@jj-zw6lz,부산은 6.25 전쟁 때 최후의보루였어. 너무나 중요하고 소중한 부산이다. 이 역사를 모르는 정치인이 있다. 부산 시골이란다^^ 에라이 사퇴해라  부산이 정말 중요한 곳이고 아름다운 바다와 해수욕장이 있기 때문에 관광도시로 부상 할 수 있는 거다. 두바이처럼 만들어야한다.,2026-03-22,1,일요일,지역자부심
@yuki23s1,부산 사람인데 서울에도 일 때문에 좀 살아봤고 지금 부산에 있는데 부산이 다른 도시에 비해서 살기는 괜잖음 놀러갈때나 볼거리는 서울이 더 많지만 부산은 겨울에 덜 춥고 여름에 덜 덥고(물론 해운대 영도쪽은 많이 습함) 미세먼지 황사 심하지 않고 집값 서울에 반에 반에 반 일자리가 가장 문제인데 신기한게 일자리 없다 없다 하면서 다들 생각외로 잘 살고 있음(물론 급여는 평균적으로 서울경기에 비해 낮음) 운전도 예전보단 덜 터프하고 양보해줌ㅋ,2026-03-22,0,일요일,경제효과
@classicold658,"부산을 더욱 더 발전시키고 외국인 관광객을 유치하려면

첫째.조직폭력배를 청소해야 합니다.

관광중 혹시 모를 행패를 부렸다.
뉴스나 인스타 유트브에 소식이
오르내린다면 해당국민의 국가가
들썩이게 됩니다.

그래서 청소부터

둘째.관광명소 불친절.바가지
요금 정화가 시급합니다.

울릉도.제주도꼴 나지 않는다는 보장이 없어요.

세번째.부동산 거품 안정화
부산은 해운대.남천동 때문에
천정부지로 거주비가 상승했다.

이는 공항만 이용하고 여타 광역망 운송수단을 통해
타지역으로 이동하는 환승
정류장으로 전락한다.

세가지의 정책이 안정되지 않은한
지금의 효과는 풍선효과일뿐이다.

지자체.관계기관은 분명하게
도시미관 청정화 플랜을 한시바삐 서둘러야 한다.

자신감은 섯부르다.
곧 제2울릉도.제주도가 될것이다.",2026-03-22,0,일요일,경제효과
@배상윤-t6b,부산의 자부심,2026-03-22,0,일요일,지역자부심
@김춘수-z5x,관공도시 맞지^^,2026-03-22,0,일요일,기타
@세상사리-i5k,진짜일카??????가보니.별로인데..???가벼ㆍ,2026-03-22,0,일요일,기타
@yod-p5f,축하드려요 계속 발전하세요 지방 홀대  이겨내고 자랑스러워요,2026-03-22,0,일요일,기타
@riverslab9154,😂 볼꺼 1도 없구만,2026-03-22,1,일요일,기타
@soonyounglee2526,"외국인들은 주로 젊은애들이 좋아하는데
장착 거주하는 시민들의 평균나이가 58세 ㅋㅋ",2026-03-22,1,일요일,외국인 인식
@wslee6,"부산이라 해도 외국인들이, 가는 곳만 찾아가기 때문에 부익부 빈익빈이 되는 현상, 부산대 앞 상권도 많이 죽었던데. 그곳에도 외국인들이 찾아오는 방도를 고민할 필요도",2026-03-22,2,일요일,경제효과
@hbkim9756,"한국 관광지의 문제점- 서울제외 지방은  편차가 심함.  바가지요금,  지자체의 무능(너도나도 출렁다리만 냅다 건설), 교통불편",2026-03-22,0,일요일,교통문제
@pkim5992,후진국일 수록 관광에 의지함.  지자체도 마찬가지.  제조업을 게을리하면 안정된 수입은 없을 것임.,2026-03-22,0,일요일,기타
@jayshin5071,말도 안되는 소리. 외국인이 서부산 가서 뭐 하나? 선박 블록 용접하나? 산업 지역은 산업 지역이고 관광 지역은 관광 지역이지. 균형 발전 같은 바보 소리하면 모두가 망하는 것.,2026-03-22,0,일요일,지역자부심
@darkpurple3474,"K컬쳐로 부산이 운좋게 혜택을보고 있는데 부산시는 아파트 쳐짓는데만 관심있고 관광예산 늘려서 빠르게 대응해야되는데 삽질만 하고 앉았음
공항부터 관광객이 편하게 교통편 등 인프라 및 명소개발을 빨리 맞춰줘야되는데 거꾸로 가는중 유일하게 수영구청이 드론쇼등 다양한 행사로 그나마 대응중이고 나머지는 도대체 뭘 쳐하는지 ㅎㅎ 부산시민들도 부산에오는 관광객들중 대다수가 대만인인데 무슨 중국인 그지 취급하고 관광객 많다고 민원 겁나쳐넣음 ㅋㅋㅋ 관광객조차 없으면 유령도시수준인데 그냥 부산 망하자 ㅋㅋ 구미처럼 길거리 사람없는도시되면 되겟네",2026-03-22,0,일요일,경제효과
@Ksskjaqq767,"부산8대(태종대.해운대,신성대,몰운대 등)
다 보고나면 누구나 
뿅 간다",2026-03-22,0,일요일,지역자부심
@한종수-i2f,"직항을 더 늘려라.
가덕신공항 빨리착공",2026-03-22,0,일요일,기타
@타노스-i5v,박형준이 있는한 부산의 발전은없다  아~~예외로  부산현지공장 내쫓고  거기에 아파트세우는것은 잘한다,2026-03-22,0,일요일,지역자부심
@AaA-w3o1t,"부산이 지난십년동안 저평가된 도시여서 청년유출이 심하고 소상공인들도 소멸했다.
외국인들이 부산의 매력때문에 많이 오고 부산이
활성화 되었다니 너무 기쁘고
반가운 소식입니다.
부산이 이젠 세계적인 관광도시로 거듭나서 발전을
하기를 기원합니다.",2026-03-22,10,일요일,지역자부심
@야미야미-f7k,"먹거리 더 다양하게 발전시켜야...
국밥의존도에서 탈피해서 다양한 입맛에 맞추는 전략이 필요함.",2026-03-22,0,일요일,기타
@sikg6207,제대로된 공항도 없이 이 정도의 관광객이면 1위나 마찬가지다.,2026-03-22,217,일요일,관광객 쏠림
@dghfbmin3838,"부산옆에 버스.지하철.경전철로 이동가능한 김해도 외국인들이 찾게 상품화하면 어떨까?
가야왕국을 중심으로 해서
문화유적 상품을 많이 만든다면

다채로운 여행일정이 될듯",2026-03-22,0,일요일,지역자부심
@youyouo493,부산만으로 부족하면 대구나 울산 그리고 경주까지 이어붙이는 연계 관광 콘텐츠도 만들어야지 싶다,2026-03-22,0,일요일,지역자부심
@응팔이-w6y,"인천은 친중 이미지가 너무 강해.
도시도 신도시 말고는 아직도 지저분~~
현 인천시장이  중국인 받아들여 천만도시 만든다고 한다니 말 다했지...ㅎㅎ
저게 한국 도시인지  중국 지방도시 인지....",2026-03-22,0,일요일,외국인 인식
@pyh4319,"경기도지사는 놀지만 말고, 일산 - 웨돔, 라페스타 / 파주 헤어리, 프로방스 등. 한때 잘 나갔으니 죽은 관광 좀 살려주세요! 오죽하면 외국인이 외국인들 지인에게 알아서 홍보하게 만드냐? 답답하다",2026-03-22,0,일요일,경제효과
@199번알리,부산은 현재도 괜찮지만 좀더 먼가 발전이 더 필요함,2026-03-22,31,일요일,지역자부심
@jinwonelove,"3:35 제발 이런것좀😢
저런거보면 답답함
자기 뜨거워서 편하려고 아님 하던 버릇이니깐 저 장갑끼고 다른거 뭐만질지 어케알겠음  이해는 하는데 시대가 시대인지라 제발좀...ㅠㅠ
큰국자는 왜 안쓰는거임",2026-03-22,0,일요일,기타
@jinwonelove,"한국이 몇조이면
조상 잘만난 프랑스 이태리는
관광으로 얼마를 버는거냐? ㅎㄷㄷ 부산 안그래도 인구감소 심한데 투자좀해서 외국인이 가다가다 부산 외각지까지 갈수있게 하자😊 롯데월드도 적자겠지만 놀이기구좀 갈아 엎어버리고 대박 부산되길",2026-03-22,0,일요일,지역자부심
@웃어줄래-x2j,지역특색 잘 살려서 이참에 더 발전하기를 기원합니다,2026-03-22,33,일요일,기타
@moonand151,관광 인프라는 뒷전인 시장 아파트만 열라 지어~ 공공기여금 받아 뒤로 빼돌릴려고~ 그리고 바가지 좀 잡자~,2026-03-22,0,일요일,숙박/물가
@인생60,부산시장놈아 쓸대없는 은행 오라고 하지말고 자갈치 노점 시장이나 정비 하고 도로  옆  차가 지나  가는 도로 바닥에서  더럽게   아무 것도 깔지 않고  생선 작업하는 거 단속해라,2026-03-22,0,일요일,지역자부심
@kdlee1122,부산이 해법을 찾았군 관광도시로 성장을 추진,2026-03-22,0,일요일,지역자부심
@벼리-w9q,가덕신공항 빨리 완공해야 지속가능하다.,2026-03-22,2,일요일,기타
@JangjiSEO,타이완은 대환영이고 공산국가 중국인은 통제 좀 하자,2026-03-22,1,일요일,외국인 인식
@smak-l2y,이게 다 중국을 잘 구슬린 이재명정부  노력을 알아주었으면~,2026-03-22,0,일요일,기타
@정원찬-s9d,"도심번화가에
담배꽁초등쓰레기가
너무많아요",2026-03-22,5,일요일,기타
@피그-i3q,"부산  경주    좋아요
부산은   음식도  맛있어요",2026-03-22,3,일요일,지역자부심
@fettyvxgf,세계최고의 관광지 부산 국내용이 아닌 국제용 관광지 부산 가고픈 영상 감사합니다 😊😊😊😊😊😊😊,2026-03-22,4,일요일,지역자부심
@user-yb4qb3yu7g,"말도안되는 소리,,,쏠림현상 당연하지",2026-03-22,0,일요일,관광객 쏠림
@2312천귀현여,북항 잘 만들어보자 해양레저에 복합 돔구장,2026-02-22,2,일요일,기타
@DSb-vn8qm,바가지 와 범죄율 어쩔😮,2026-05-14,0,목요일,숙박/물가
@ydc6442, @DSb-vn8qm  무슨 바가지? 무슨 범죄? ㅋㅋㅋ 신기한 소리 하노.,2026-05-18,8,월요일,숙박/물가
@BBB-mj8gb,​ @DSb-vn8qm 먼범죄 만들어내냐,2026-05-17,2,일요일,기타
@BBB-mj8gb,서울이훨씬더할듯,2026-05-17,2,일요일,기타
@yongjoonlee4818,부산이 한국 최고 관광지이죠,2026-02-22,0,일요일,지역자부심
@SEE-rw7xt,횡단보도 기다릴때 바닥에 불 들어오게 한건 진짜 잘한 정책이다,2026-02-22,0,일요일,정책 제안
@Eum-Yu-13OT,"그럼 뭐함? 일자리 없고 급여는 작고
아파트만 주구장창 생기는 도시인데",2026-02-22,0,일요일,기타
@lde2111,인천사람인데 광안리 미쳤다....,2026-02-22,42,일요일,관광객 쏠림
@user-be8qv3fm6x,바다 산 도시 인프라 도시철도가 발달된 부산같은 곳은 드물죠,2026-02-22,13,일요일,지역자부심
@양훈송-h1z,광장시장  돼지말자,2026-02-22,0,일요일,정책 제안
@willypam-b4r,부산식 자저분한 풍경이나 볍신 같은 부산식 운전 문화만 좀 어떻게 해봐라,2026-02-22,0,일요일,지역자부심
@jinnam6822,"방송 감사 합니다... 그러나....

 지금은 BUSAN= 전국 꼴찌 1인당 실질 GRDP= 함수{ JOB 수 X JOB질 함수 } 결과물 성적표= 전국에서 가장 적은 JOB 수 X 전국에서 가장 질이 나쁜 JOB(연봉)= 전국 16등/ 전국 17개 시도중 가장 나쁜 경제 지옥 도시= BUSAN 현실....

 BUSAN 유일한 산업 = 항만산업+ 관광산업( 여름 3개월) 그외 제외 하면 전국 꼴찌 1인당 GRDP 전국 최악의 경제 지옥 도시 부산= 한국은헹 통계 = 명목 1인당 GRDP 부산= 16등/ 전국 17개 시도둘....


전국에서 가장 경제적 지옥 X 서울만OECD인 현실에서 가장 먼.... 현실 경제 지옥 땅이 있다면 그곳은 부산= 한국은행 통계 부산= 항만산업+ 3개월 여름 관광산업외 산업이 0개인 경제 지옥 BUSAN 


옛날 조선 시대만 그리워 하는 옛날 만 그리워 하는 경제 지옥= 1인당 GRDP =전국 16등/ 총 17개 시도 중.... 전국 최악의 경제 지옥 부산...안타까운 ....경제 지옥 부산 그게 현실


서인경에서  서 규제하면  인천 경기 남도  경기 북도 가지.... 가장 먼 부산이 풍선 효과... 지방 부산 기자 교수들 수준이... 서울 초등학교  학생들 보다 현실 인식이   못함",2026-02-22,0,일요일,경제효과
@리쿠의취미생활,"부산 물가 싼 편인데 1조 넘은거면
대단한데ㄷㄷ",2026-02-22,0,일요일,지역자부심
@미뇽한다,부산 자영업자들은 호황이네,2026-02-22,0,일요일,지역자부심
@An-mp1ty,부산은 떡볶이 떡 당일 떡집에서 제조한거 쓰더라 이거 맛차이 진짜 심함 개 충격받은,2026-02-22,0,일요일,지역자부심
@r9goat-u8l,지자체에서 먼가를 하려하면 어설프더라... 그냥 소상공인이나 기업에 대해 지원을 해라 그러면 그들이 번쩍이는 아이디어로 부산 관광을 발전시킬꺼다...,2026-02-22,0,일요일,경제효과
@도끼도끼-d2j,옛 홍콩의 명성을   이어받아  부산이  아시아 제2의 홍콩으로  발전하길,2026-02-22,0,일요일,지역자부심
@Kailongss,특색 살려서 도시미관 분위기 관광 컨텐츠 개발하세요 똑같은거 하지말고 개성살려서,2026-02-22,0,일요일,정책 제안
@malcomk,바가지 좀 그만 씌우고 외국인 관광객들 잘해줘서 계속 오게합시다. 좀 넓고 멀리 보는 법을 배웁시다. 오늘 당장 몇만원 더 벌 생각만 하지말고요,2026-02-22,0,일요일,숙박/물가
@TubeYou-v6t,이게 다 이재명정부니 가능하지.,2026-02-22,0,일요일,기타
@OFF_LINE.,"한일 해저터널 절대 하지 말아야할 이유
유라시아 철도의 종착역은 부산이 되어야만 한다  💥💥💥",2026-02-22,0,일요일,지역자부심
@dltmdwnfkdldjs,가덕도 부산 신공항이 활주로 2개로 24시간 돌렷으면 이미 부산은 국제도시됫다.  중국 중소도시보다도 못한 공항 수준으로 무슨,2026-01-22,9,목요일,지역자부심
@차차차-g3i,"정말정말 많음,서울보다 부산이 관광 인프라가 더 좋은데 김해공항은 노선이 적고 가덕도 공항 생기면 관광객 엄청늘거 같음",2026-01-22,17,목요일,지역자부심
@Berenice-u2o,"외국 관광객 늘어난건 확산된 한류 덕분이지 부산시장이 한게 아님..그놈은 그냥 하루 놀고 하루 쉬고 세금 빼먹는데만 혈안인 놈임..
한탕 해쳐묵을려고 시장된 탐관오리 때문에 저출산은 심화되고 탈부산은 매년 늘어나 이제 3백만 인구도 깨질 위기임..",2026-01-22,0,목요일,지역자부심
@wjbae4907,당국자분들 식음료협회등등에서 먹을거리를 좀더 다양하게 개발 했으면 합니다,2026-01-22,0,목요일,정책 제안
@walkin.street,부산 - 울산 - 경주 연결될 수 있도록 관광지를 개발해라.,2026-01-22,5,목요일,지역자부심
@kyg557,"제발 기본한국어 되는사람많와라
감사합니다 ,안녕하세요,미안합니다이3단어 기본어는 되야되지 않나?
여기 대한민국이야",2026-01-22,0,목요일,관광객 쏠림
@박수환-h6y,"부산 정치인들이 제일 생각이 낡음
천혜의 관광자원을 살릴생각을 안함",2026-01-22,0,목요일,지역자부심
@gyg2826,원화가 싸서 일본가기전이나 후에 겸사겸사 들리는거지,2026-01-22,0,목요일,기타
@jgoldhw,광복동 거리 외국인들 많이 다니는데 공실 너무 많아서 휑휑한 분위기인거 아쉬움 관광공사 관광청에서 프로젝트라든지 이것 저것 시도해보고 더 활기찬 느낌으로 가길 바람,2026-01-22,3,목요일,외국인 인식
@혜영-t4j,바다 가까운거 빼면 인천이 뭐 볼게 있다고. 공기도 안좋고.,2026-01-22,0,목요일,기타
@Happy-w5i8d,부산 오랜만에 놀러 가보니 너무 좋아졌더라. 외국 어느 관광지와 견줘도 독특하고 재미있어.,2026-01-22,27,목요일,지역자부심
@g.ofaker,부산 흥해라!!!!! 자영업자 사장님들 나라 망신 시키는 일 없기를..,2026-01-22,0,목요일,지역자부심
@bongsik1837,"황금 낳는 거위 배를 가르는 짓을 하지 않길. 주목 받으면 투자를 중단한 후 바가지로 이익을 얻으려 해서, 매력을 잃은 곳을 너무 많이 봤다.",2026-01-22,0,목요일,숙박/물가
@하다두,부산에 2-3년 전 만큼 외국인 많지 않아요. 저번주 금토에 남포동에도 텅 비었고. 왜 이렇게 난리인지,2026-01-22,0,목요일,지역자부심
@패슬로-z2z,"부산은 지금이 앞으로의 100년을 결정하는 중요한 시기입니다. 지금 부산에 들어오는 자금의 유동성과 흐름을 제발 부산 발전에 쓰이는지 시민과 언론이 잘 감시해야할 시기에요.
개인 주머니와 무능력하고 탐욕스런 정치집단이 사리사욕 하게 하지 말고 부산의 젊은 친구들이 머물 수 있는 투자로 찬란한 해양도시로 거듭나길 바래봅니다~ 
부산에 젊은이들 유입이 많아지고 평균 연령이 낮아지길...",2026-01-22,0,목요일,지역자부심
@Bigsmile-d4t,베트몽 다낭 같은데 갈바엔 부산이 100배좋지 ㅋㅋㅋㅋㅋ 자다 을매나 좋노 부산,2026-01-22,0,목요일,지역자부심
@OrientalBrewery,"부산을 오사카처럼 
경주를 교토처럼 
근교 여행하기 좋게 바꿔주면
좋을듯 

오사카도 가면 근교인 교토,나라,고베 가잖아 
우리도 그렇게 안되나",2026-01-22,34,목요일,지역자부심
@아라이-p7n,박형준만 없어도 훨씬 잘나갈듯,2026-01-22,1,목요일,기타
@rumonss,"해운대 자주 놀러가봤지만 부산 한달살이 정도는 해보고 싶은 생각이 들정도로 매력적인 도시죠.
외국인 관광객들이 돈 많이 써주면 지역 경제 활성화에 도움되고 좋죠",2026-01-22,0,목요일,경제효과
@자덕야덕,해운대 광안리 태종대 송도 송정 블루라인파크 흰여울 감천 등등 솔직히 홍보 잘하고 컨텐츠 개발하면 오사카보다 더 발전할 수도 있다고 본다,2026-01-22,0,목요일,관광객 쏠림
@JYLee-q2b,부산은 절대... 아시아 금융 대기업 거점 인 홍콩이나.... 세계적인 관광도시 오사카 가 될수 없음,2026-01-22,0,목요일,경제효과
@JYLee-q2b,가덕도 신공항만 지어도... 유럽 미국 직항만 뚤려도 ㅎㄷㄷ... ㅜㅜ,2026-01-22,13,목요일,기타
@sodamdabang,"이번기회에 부산,김해, 울산,  거제 통영등 관광 광역화하고 무엇보다 표지인프라, 호텔을 일본정도의 수준으로 올리는게 특히 교통, 식당은 CS교육이 필요하다. 볼건 많은데 연계가 부족하다. 뭔가 컨트롤 타워가 필요하다고 본다.  쿠르즈도 오는데 주차장이 부족하고 KTX도 다 매진이면 되겠나?",2026-01-22,0,목요일,지역자부심
@lifc-K,울산에 뭐 있어요?,2026-04-22,0,수요일,기타
@차차차-g3i,내가 남포동 자주 가는데 항상 사람 많던데..밤늦게는 사람 확 줄어들고...금토일은 대박 많고,2026-01-22,0,목요일,관광객 쏠림
@그런게않이라,요즘 남포동 사람 많은디요,2026-02-22,0,일요일,관광객 쏠림
@Moon.J.I,"부산 수영만 요트장, 세계최고 수준으로 개발 철거 들어 갔다 / 황령산 개발은 시민단체 반대가 문제지만, 2개 완공되면, 오사카 보다 인기끌듯",2026-04-22,0,수요일,지역자부심
@현섭이-w9i,"한국어로 전세계가 통일됩니다
1950 년대 쓰여진 통일교
원리강론 이라는 책에 쓰여 있습니다
한국인을 전세계인이 우러러보고 구름떼처럼 따라다닐것이라고 수십년전에 예언하셨습니다

한민족은 하나님이 세운  천손민족이며 재림주를 모시고 인류를 천국으로 구원해야하는 사명이 있다고 말씀하셨죠
손흥민 아버지는 통일교 천마축구팀 출신이며
조수미와  강수진도통일교
선화예고 출신들입니다
재림주와 함께하면 방향만 같아도
천운을 받는다는 것입니다",2026-01-22,0,목요일,기타
@mitsnariishida5320,부산은 이제 관광으로 먹고 사는 도시 되부렀는갑제 😂😂 노인과 바다라고 조롱하드만.,2026-01-22,0,목요일,지역자부심
@SgK-w8y,부산사람들  성격 드릅고사기 많이치고 볼것도. 없는 개후진국 부산이 뭔 관광 천국 ㅋ 부산보다 후쿠오카가 훨신 나음 맛있는거 많고 무엇보다상인들이 사기를 치치않음  진심 반성해라 부산,2026-01-22,0,목요일,지역자부심
@제트기,"지역 감정 부축이는 KBS ...인천은 그곳대로 , 부산은 부산대로 같은 나라안에서 
발전하면 좋지 꼭 지역 이름 붙여서 앞질렀다는 둥 감정싸움시키면 어떻게 합니까",2026-01-22,2,목요일,지역자부심
@SunKim-y4l,"특히 여수와 제주 진짜 사악함 가격도 그동안 이미지로 
너무 말도 안되는 관광도시 가격 누렸음  거보면 여수는 두번 갈 필요없는 도시…. 생선 구이 가격 장난차나 싶고  진짜 가격보고 욕 많이 나온다 솔직히 부산에 가면 적당한 가격집 엄청 많음  그리고 주인들이 말이 거칠어 보여도 정말 인정스러움 가격도 후려치기도 덜함 통영 부산가서 느낀게 남쪽나라 남동부쪽은 양심가게 많고 주인들이 좋더라 말이 쎄서 그렇지",2026-01-22,1,목요일,지역자부심
@Jlawlens,부산 관광도 활성화 시켜라... 부산같은 도시가 우리나라에 어딨냐 항구도 진짜 천혜의 지리다,2026-01-22,80,목요일,지역자부심
@iLuv_mj,일본좀 따라배워라. 어떻게 마케팅을해서 관광지 발전을 시키는지,2026-01-22,2,목요일,기타
@mayjuly3362,해운대  블루라인파크   바닷가   파도소리  달빛   보면서  달리기      산책후  스트레스  다  사라진다,2026-01-22,15,목요일,관광객 쏠림
@San-check,해운대에 한국사람 찾기가 더 힘들정도로 외국인 많았음,2026-01-22,1,목요일,관광객 쏠림
@snukim8847,그동안 인천보다 아래였다는게 놀랍다.개성이 확실하니 앞으로도 승승장구 하길..바가지 씌우지 말고..,2026-01-22,0,목요일,숙박/물가
@꽃영-s2k,부산은 관광상품 개발이 너무 부실함.  굿즈 좀 많이 만들어야 함. 바다 풍경이 동해나 제주도 일부 해안도 못지 않은 곳도 많음. 근데 아파트만 지어대고 너무 아쉬운 곳임,2026-01-22,0,목요일,지역자부심
@나는야오른,저기 떡갈비 맛집이라 그럼,2026-01-22,0,목요일,기타
@kimlee2547,"산복도로도
관광지로~~
야간 걷기 ~
관광으르ㅡ~~~
뷰가 넘
아까워요!",2026-01-22,2,목요일,기타
@정보스-n3m,부산은 인프라 다 갖춰줬지 일자리만 갖춰지면 됨,2026-01-22,0,목요일,지역자부심
@1인칭주인공시점1주시,공항에서의 시내 접근성이 용이 해서 더 그러한듯요,2026-01-22,0,목요일,기타
@siennao8960,인천은 관광도시도 아니고 인천에 살지만 볼 것도 없고 그냥 살기 편한 도시이지,2026-01-22,0,목요일,기타
@baecci7480,살아나라 부산,2026-01-22,0,목요일,지역자부심
@mult1-y1n,"공항도 좁아 터졌고
특히 관광지나 서면에 주차공간이 너무 좁음",2026-01-22,1,목요일,교통문제
@J_mtb,"과연...
고환율때문...",2026-01-22,0,목요일,기타
@나비코-x1y,세상 어느 나라든 관광지란것은 다 따로 있다. 불균형이 아니라 지역마다 특색 있고 역활이 있는 것이다 . 이걸 뉴스라고 보도하는 게 황당하다.,2026-01-22,0,목요일,기타
@DSb-vn8qm,관광객 배려 곳곳에서 신경써야 합니다😮,2026-05-14,0,목요일,관광객 쏠림
@eterno.G-d7e,오사카는 2030년에 수십조 들어간 대형 리조트(그리고 카지노) 개장한다던데..,2026-01-22,0,목요일,기타
@ililililililili1234,뉴스 너무 웃겨요...'부산 일부 지역만 관광객많다 도시 불균형 초래가 우려된다'라니.... 지금 부산에 외국인 오는게 어디예요 ㅋㅋㅋㅋ  지역 불균형은 어디나 있음.  오사카도 가보면 딱 가는 곳만 가지  오사카 내에 다른 지역 안가요 ;;;,2026-01-22,11,목요일,지역자부심
@Sunmoonstar11,기자 제목 다는거 봐라 '점령'  식민지 못당해서 안달난 노예 같네,2026-01-22,0,목요일,기타
@입력중입력중,"관광신경 쳐쓸시간에 부산 젊은사람들이나 좀 챙겨라 다쳐떠나기전에 와보면 알겠지만 ""노인과 바다 그리고 외국인""  일자리일자리 수년전부터 말해봤자 아파트만늘었음",2026-01-22,0,목요일,지역자부심
@몰라-q5v5n,부산왜가???  강원도가 좋지,2026-01-22,0,목요일,지역자부심
@scottyongyong,공항이 개판인듯. 짐 찾는데 1시간 넘게 걸림. 외노자들 서로 짐찾겠다고 벨트 앞에 막고 서서 개판임.,2026-01-22,0,목요일,기타
@justinlee8608,인천하고 부산이 비교가 되나어데,2026-01-22,0,목요일,지역자부심
@별님-v4z,잘됐네. 골고루 잘되야지,2026-01-22,0,목요일,기타
@방비엥고양이,부산이 바가지 없다,2026-01-22,0,목요일,지역자부심
@hyk3569,서울 위성도시 인천이랑 부싼 감성 자체가 비교불가,2026-01-22,0,목요일,기타
@하니-l1x9d,확실히 외국인 많다고 느끼는게 부산토박이인데 어느순간부터 남포동이며 서면이며 심지어 부산대까지 외국인들 많이보임. 특히뭐 남포동 돌아다니면 절반이상은 외국인임 매일있음 ㅋㅋ 광복롯데마트가면 그냥 전부 외국인 ㅋㅋㅋ,2026-01-22,0,목요일,지역자부심
@santiago4364-u6i,"시장이 잘해서 그런거 절대 아니다
아직도 퐁피두 짓고싶겠지",2026-01-22,0,목요일,정책 제안
@메아리-x7k,오리 중국산,2026-01-22,0,목요일,기타
@김창수-c4f,광주는 안되,2026-01-22,0,목요일,기타
@돌것네-l2q,"근데 중국인이 더 많아서 ㅠ
어쩐지 서면에 중국인 일본인 
많더라",2026-01-22,0,목요일,외국인 인식
@arch3637,부산 최고,2026-01-22,0,목요일,지역자부심
@오늘부터1일-j4o,대구인이지만 참 반가운 소식입니다. 부산 자주가는데 기분 좋네요ㅎ,2026-01-22,27,목요일,지역자부심
@마린캅스kiss33,"썩려리 탄핵 당했으니까 
그나마 이렇게 정상적 으로 돌아간다
쿠데타 못막았다면 생각만 해도 끔찍하다",2026-01-22,0,목요일,기타
@polarisk.8801,"준비할 시간이 충분히 있었거늘...우물안 깨꾸락지들 때문에...(변화 거부, 불평.불만 폭주, 타협 안됨)
준비되지 못한 지역, 도시는 손가락 빨게 될 듯...",2026-01-22,0,목요일,기타
@dongseokbottle.3347,역시 이재명정부! 최고다!,2026-01-22,0,목요일,지역자부심
@이재명-c4m,대구도 참 좋은 곳 많은데 대구도 좀 많이 오기를 바래보네요.^-^,2026-04-24,1,금요일,기타
@routemahn,"부산사람들 한가지만 명심하이소. 
바가지 씌우는 상인있으면 그냥 두면 안됩니다. 상인회에서 그냥 퇴출시키고 왕따시키더라도 과감히 날려버려야 나머지 상인들이 살아 남는 겁니다. 
미꾸라지 한 마리가 관광지를 영원히 망가트립니다. 울릉도처럼 되지 마세요.",2026-01-22,444,목요일,지역자부심
@leesanghong80,fa12,2026-01-22,0,목요일,기타
@홍미자-d8e,살기좋은부산 세계적으로 관광명소로 만들자,2026-01-22,9,목요일,지역자부심
@vannikim4571,볼것도 없는 저길 왜 가,2026-01-22,0,목요일,기타
@내가사는-d1b,"대통령 잘뽑아서 그렇다.
이재명 대통령 연임갑시다",2026-01-22,0,목요일,기타
@spitfire4321,인천은 공항빨인 듯,2026-01-22,0,목요일,기타
@히노-p5p,뭐하면서 돈을썼을까??,2026-01-22,0,목요일,경제효과
@david-lt8hx,"부산이 관광도시로 거듭나기를 바랍니다.절대 외국인관광객들에게
바가지 쒸우지 마세요.그래야 관광객들 많이 옵니다.",2026-01-22,4,목요일,지역자부심
@양-k9v,해운대가면 중국인 버글버글.서양인도 섞여 있고,2026-01-22,1,목요일,관광객 쏠림
@이효성-h3o,부산은 하수구 냄새좀 어떻게 해야함다~,2026-01-22,2,목요일,지역자부심
@cyh88179,인구 많다고 제2도시 깝죽되는 인천. 서울 옆 찌끄래기 있어서 먹고 사는  주제에. 서울 없으면 쥐뿔도 아닌 것 들.,2026-01-22,2,목요일,기타
@현정김-p5v,당근 부산이제!!~!!~~!   중국 점령한  인천과는  다르다,2026-01-22,2,목요일,지역자부심
@Goldstar_kor,바가지 장사 시작해야지?? 물들어올떄 노 젓는다고 난리던데 ㅋㅋㅋㅋㅋ 어휴~,2026-01-22,0,목요일,숙박/물가
@hjsw6019,"5:00 아나운서 코막히는 소리 진짜 듣기 싫어, 수술좀 해라 직업이 아나운서면",2026-01-22,0,목요일,기타
@se_asia_study,해운대서 범어사 가는 지하철이 필요하다. 노포동 쪽에 . 금정산. 범어사. 홍법사. 법기수원지. 대나무 길. 이쁜 곳 많은데 이걸 살리려면 해운대 노포 노선 만들어야 된다,2026-01-22,1,목요일,교통문제
@tomato131131,인천 중국인 많아 위험.,2026-01-22,1,목요일,외국인 인식
@bulbob100,이재명 덕이지 이것들아 그래도 박형준 뽑겄지 ㅋㅋㅋㅋ,2026-01-22,1,목요일,기타
@moonskull666,주말에 부산 다녀왔는데 외국인 별로 안보이던데,2026-01-22,3,목요일,지역자부심
@성수현-q2l,이번에 부산시장만 잘뽑자 제발~!,2026-01-22,1,목요일,지역자부심
@firstnamelastname-dl8bh,부산 흥해라~~~~~~~🎉,2026-01-22,5,목요일,지역자부심
@supraever,아주 옳은 말씀,2026-04-22,15,수요일,기타
@Jeong5533,걱정도 팔자. 제주 울릉도 등등은 관광객 주머니로 먹고 살지만 부산은 원래 시민 320만명이 이용하는 가게들을 똑같이 관광객들이 가기 땜에 바가지가 잘 없음,2026-04-24,7,금요일,지역자부심
@Havana-b4h,저 가보세요 가성비를 떠나서 정찰제가 많습니다. 진짜 관광지 치고는 바가지 없어요 이런 경우는 있죠 갑자기 bts땜에 숙소비 올랐다면서요 그런 해프닝을 있어도요 뭐 파라솔 대여비가 말도안되고 이런건 없어요 앞에 딱 쓰여 있고 일반인들 그냥 할수 있는데도 있어요 그나마 관광지가 그래도 일반동네보다 회비싼거 그리고 식재로 특성상 비싼거는 이해하셔야 됩니다 예를 들어 곰장어 이런거는 싸기가 힘듭니다 .원래도 그래요,2026-04-22,6,수요일,숙박/물가
@ykim567,"맞습니다. 바가지 안씌우면 ,아시아 1등 충분히 할 수 있고, 몇 십년 자자손손 관광사업으로 먹고 살 수 있습니다. 걱정 참 많이 되는 부분.",2026-03-22,27,일요일,숙박/물가
@양키스-v4u,한국 국민성 자체가 한탕주의라 과연 될런지,2026-04-22,1,수요일,기타
@중립-o6w,우리 알아 한다 임마,2026-05-08,1,금요일,기타
@plmnko-g8r,"부산 바가지 얘기하면서 호통치는 사람들보면 좀  웃겨요 잘 알지도 못하면서...
 부산이 관광지이면서  시민들도 이용 많이 하는 곳이라 바가지라 할 것도 없어요",2026-05-08,1,금요일,지역자부심
@lIllIIIllIIIll,서양인들이 많이 이용하는 익명게시판 reddit 가면 한국여행 게시판이 있는데 한국에 불친절한 인간들은 극단적으로 무례하고 나쁘다고 개쌍욕하는글이 점점 늘고있음 외국인을 상대하는 국민성자체가 개선되어야함,2026-05-08,0,금요일,외국인 인식
@qqq_iusti1,"그것보다 운전매너, 공공매너, 길거리 쓰레기 줄이기나 하세요",2026-05-18,0,월요일,교통문제
@Z맨철거,부산 화이팅입니다!!,2026-03-22,0,일요일,지역자부심
@ziminymz,지금 준비해도 20년걸린다,2026-01-22,0,목요일,기타
@summer-l9z5r,이게 왜 이재명 덕이예요?,2026-01-22,0,목요일,기타
@Munchkin-TV,국힘만 안묻었어도 진즉에 발전했을 도시.,2026-01-22,0,목요일,기타
@아메리카노0101,부산도... 공장을 유치를 해라.. 아파트만 짓지 말고.. 전신에 카페와 식당뿐이다..,2026-01-22,1,목요일,경제효과
@y이야기,부산은 음식이 문제야,2026-01-22,0,목요일,지역자부심
@superk9142,"05:08 당연한거 아닌가? 거기가 집중적으로 개발 됬으니 ㅉㅉㅉ
가덕도 신공항 공사 착수하면, 부산 서쪽으로 개발 확장해라.
쓰레기 정치인들을 매번 뽑으니 달라지는게 있나? 
대가리에 생각좀 하고 살아라!",2026-01-22,0,목요일,지역자부심
@골드브루-r1x,"부산== 부를 산더미처럼 쌓아 올린다,😂😂😂",2026-01-22,1,목요일,지역자부심
@timemuse2025,부산은 인테리어사업 무덤인이유..밖에나가면 재밌으니  실내에 관심없다는..부산살다 서울살면 갑갑해 죽음..,2026-01-22,0,목요일,지역자부심
@JinhaeLee-j4g,옛날보다 일본 중국 미 유럽 관광객 잘보이지않는데 무슨 관광객이 많이온다고 뉴스하죠??,2026-01-22,0,목요일,관광객 쏠림
@S급부-t9i,아마도 ai가 활성화 되면 될수록 관광은 더 활성화된다.,2026-01-22,0,목요일,정책 제안
@dobffvvvbbg,"부산  너무 좋은도시
깨끗하고  음식도 맛있고  나에게 부산이란  힐링의도시랍니다",2026-01-22,38,목요일,지역자부심
@카리박,부산 좋다,2026-01-22,1,목요일,지역자부심
@소리국민의,부산아.....대통령 바뀌니 이렇게 되잖어 투표 제발 쫌 잘하자,2026-01-22,0,목요일,지역자부심
@얼토당토-i9b,"부산만의 매력을 꼭 지켜야한다.
괜히 또 서울 자본 내려와 부산지역특색 사라지는거 아닌가몰러",2026-01-22,0,목요일,지역자부심
@kyujin2902,산있지 바다있지! 요트단지있지. 먹거리 풍부하고 미국 유럽사람 기준 저렴하기까지 하지,2026-01-22,0,목요일,관광객 쏠림
@정치시사-r9q,"물들어올때 노저어라. 부산사람들은 다같이 합심해서 외국인들한테 덤탱이 바가지 사기치는 한국사람들 다잡아내야한다.
좋은기억을 갖고가야 다음에 또 부산에 놀러오지. 
부산은 개같은 도로환경도 빨리빨리 개선하고, 
운전들좀 난폭하게 하지말고 
교통환경 개선하고 
부산시민들이 다같이 힘합쳐서 노력해야한다.",2026-01-22,0,목요일,지역자부심
@jaroll3489,우리 윤석열 대통령께서 이룩 하신 탁월한 영도력으로 부산을 위대한 글로벌 도시로 만든 업적은 인정해  줘야 한다.,2026-01-22,0,목요일,지역자부심
@Huiopp15,불친절 바가지 음식 위생 퀄리티. 주변 청결 도시미관 신경써서 잘하시길,2026-01-22,1,목요일,숙박/물가
@이아무개-s4d,국제해양 관광 단지로 만들어야 됨,2026-01-22,0,목요일,기타
@이아무개-s4d,"부산이 살아야 한다
  지방 선두 도시
 지방분권 핵심 지역",2026-01-22,0,목요일,지역자부심
@나는백수다-b3m,미래의 일자리 터를 아파트로 허가내버린 부산시장  그런 시장을  뽑아준 시민들 .... 먼 일자리 타령하고 자빠졌노,2026-01-22,0,목요일,지역자부심
@마들렌-e6f,"계엄이 일어났으면 외국인들
부산에 못 온다. 이래도
윤어게인 한다면 인간이
아니다.매국노지!!!",2026-01-22,0,목요일,지역자부심
@JohnLemon9,"아직이다 아직. 소비액이 서울의 9분의 1밖에 안되다니. 오사카는 부산같은 바다도 없고 딱히 대단한 관광스폿도 없는데도 부산 10배는 나온다. 더 적극적으로 홍보하고 관광자원 개발해서 서울이랑 비등비등한 정도의 관광수익은 나오게 해야지! 부산은 그 정도의 관광경쟁력이 있고, 관광에 목숨걸어야한다!!",2026-01-22,0,목요일,지역자부심
@냠냠11,더더 많이 와주세요~~,2026-01-22,0,목요일,기타
@why-vz5un,외국인 관광객이  많이 오지못한 문제는 그동안 국짐당이 망쳐 놓았다는것이다,2026-01-22,0,목요일,관광객 쏠림
@kk-fx3fq,"부산시민들아.
내란 성공했으면 관광객이 있었겠니?
이번엔 잘 뽑자",2026-01-22,0,목요일,지역자부심
@dltspshfrh135,가난뱅이 도시.  노인만 득실거리는 도시.,2026-01-22,1,목요일,기타
@user-xn5yd7,"고층스카이라인 멋지다 부산.. 바대로 서울은 시바 성냥갑빌딩, 성냥갑아파트..
특히 삼성역 현대본사 똥덩어리 49층 성냥갑빌딩 현대 정신차려라. 허가 네 준 서울시 공무원들 사지를 절단해야..",2026-01-22,0,목요일,지역자부심
@AncientGD,아직 서울 따라 가려면 9배는 더 노력해야하넹,2026-01-22,0,목요일,기타
@suk-kyounghong7277,부산이 정말 오랫만에 다시 뜨는구나. 이제 시장만 바뀌면 완벽하다! 😊,2026-01-22,0,목요일,지역자부심
@해바라기-w1m,"빨간색 파란색 그게 뭐가 중요한가요
중요한건 우리 삶이죠
해수부도 부산으로 이전하고 
앞으로 더 희망적으로 보이네요",2026-01-22,0,목요일,지역자부심
@kkkkmen,부산좀 살아나자 행정좀 잘해줘 ~~~,2026-01-22,0,목요일,지역자부심
@레벨업-m5u,중국인들 그렇게 싫어하면서 중국인 타고 온 크루즈는 환영? 일부러 서양인만 인터뷰,2026-01-22,0,목요일,외국인 인식
@10분힐링,"부산 좋지요  어느 바보가 부산을 노인과 바다라고 하던데요
그 말에 몹시 우스웠습니다
부산은 크게 덥지도 않고 춥지도 않고
부산은 사람도 좋고  또 바다가 있어서 너무 좋습니다
서울에 청계천은 비교도 안되지요
부산에는 오륙도를 기점으로 동해안도 있고 남해안도 있고
그래서 그렇게 멀지 않은곳에 멋진 여행지가 얼마든지 있고
특히 바다를 끼고 해안가를 돌아가보면
그 좋은 경치가 전국에 어디에 부산 만한 도시가 있습니까?
밤에는 밤대로 좋고 낮에는 낮대로 좋고
봄여름가을겨울 즐길 꺼리가 널렸고요
스트레스를 날려 버리는 바다가 또 있잖아요
갯바위에 걸터 앉아서 깡통맥주 한잔을 하면서  외국으로 떠나는 외항선을 바라보고 있노라면 
멋있게 살아갈 꿈과 의욕이 저절로 생겨 납니다
직업의 선택도 참 다양하고요
앞으로 해양시대가 오면 부산이 싱가폴 보다 월등히 발전을 할 수가 있다고 합니다
단 한가지 아쉬운것은 눈이 안오는데요
그리고는 다 있는 아쉬울 것이 없는 도시입니다
참고로 저는 경북 영천에서 살다가 부산에 온 지가 49년이 됐는데요
부산에서 살아 볼 수록 더더욱 좋다는것을 느낌니다
다시말을 해서 거짓말이 아니라는 것입니다.
부산이 노인과 바다라고요? ㅋㅋㅋ",2026-01-22,3,목요일,지역자부심
@10분힐링,"외국 여행객들에게 제발 바가지를 좀 싀우지 마세요.
바가지 장사를 하는 사람이 있다면 즉시 신고를 하고 고소고발을 합시다",2026-01-22,0,목요일,숙박/물가
@cayman1451,광장시장처럼 바가지 좀 씌우지 마라!!!,2026-01-22,0,목요일,숙박/물가
@sunny-w7n5n,"제발 바가지 씌우지 마시길 부탁드립니다
부산의 발전을 위해~~",2026-01-22,0,목요일,지역자부심
@shj4756,"관광지는 쏠림이 당연한거지 
관광객이 별거없는 동네 구석구석을 뭐하러 가겠냐 
오는 손님 잘 받고 
상인들 친절하게. 바가지 금지 관리나 잘 해라 
무식한 부산 노인네들 실수나 안하려나 내가 우려스럽다",2026-01-22,0,목요일,지역자부심
@윤제현-x7s,아무리 물들어와도 절대 노젓지 못하는 부산시임 ㅋㅋㅋ,2026-01-22,0,목요일,지역자부심
@HG_2026,급한대로 관광지로 키워요,2026-01-22,0,목요일,기타
@이명규-s6z,콘텐츠가 빈약해,2026-01-22,0,목요일,기타
@이슈포스,저기 파는 물건들 80% 이상이 중국산입니다. 관광지를 잘 활용 하고 청년일자리 지원 하려면 똑바로좀 정책좀 만드슈 중국인들와서 중국산 물건 사가면 뭐 남습니까?,2026-01-22,0,목요일,외국인 인식
@트리레몬-i4g,오사카성이랑 도톤보리 유니버셜스튜디오는 폼으로 있음??,2026-03-22,0,일요일,기타
@JohnLemon9," @트리레몬-i4g 오사카성은 내가 오사카살때 조깅코스였는데, 그건 인정한다 치고, 유니버설은 한국도 유치가능한거니, 앞으로 만들수 있는거고. 그런걸 해야한다고 말하고 싶은거고. 근데 솔까말 히메지성같이 가치있는 문화재도 아니고, 콘크리트 쳐발쳐발한 오사카성보다는 해운대, 광안리가 더 관광지 가치가 높지않나? 바로 근처에 카페나 식당의 즐길거리까지 감안하면 더더욱. 암튼 부산도 우메다 공중정원이나 아베노하루카스 같은 랜드마크도 만들고 해야한다고. 잠재력은 부산이 높다고. 일본인도 인정한다고. 기업이 없으니 더더욱 관광업에 목매야한다고.",2026-03-22,0,일요일,경제효과
@김종민-t1c1d,"솔직히 서울보단 부산이지. 북한포함 한반도에서 제일 좋고 멋진 도시지. 수도를 부산으로 이전하고 쓰레기 인천하곤 비교하지마라.
인천은 광주보다 못한 쓰레기 도시다.
광주가 쓰레기인지는 다 알거고",2026-01-22,0,목요일,지역자부심
@박선영-m2i4c,인천 뭐 볼꺼있다꼬. 부싼이 최고다. 부산화이팅,2026-01-22,0,목요일,지역자부심
@choopony,"방문객 추이볼때 3곳에서 50퍼센트를 차지하는게 쏠림이 심하다고 할수가 있나요??
외국인들 입장에서는 관광에 특화된 장소를 방문하게 되는게 당연한건데 이게 어떤 방식으로 도시 불균형에 영향을 주는지 궁금합니다",2026-01-22,2,목요일,교통문제
@hitdrive,서부산은 구포시장 이랑 낙동강 좀 잘 해서 코스 만들지,2026-01-22,0,목요일,지역자부심
@leonleon-e4n,부산은 문재인 정권때가 더 기회였음. 그 때 홍콩이 망하면서 부산이 그대로 그 국제적 위상을 가져갈 수 있는 절호의 기회가 생겼었는데 그걸 놓쳤음. 아니 거의 아무것도 안함. 부산시민들이 민주당이 해양수산부 떡밥 던져준다고 해서 좋아할게 아니라 그 절호의 기회를 국가적으로 나서서 제대로 챙기지 않은 것에 분노해야함.,2026-01-22,0,목요일,지역자부심
@user-upupup150,가격 올라가면 바로 부산관광 망합니다! 꼭 가격 점검하세요!  부산의 경쟁력은 자연경관 다음으로 저렴한 먹거리입니다!,2026-01-22,0,목요일,지역자부심
@horizon0528,전세계 바가지 1위는 항상 준비중,2026-01-22,0,목요일,숙박/물가
@sky1234sk,"태종대 유람선 선작장 꼬라지가 그게 뭔가? 앞에는 쓰레기가 굴러다니고  대합실도 작지만 예쁘게 나무로 지으면 안되나?
유람선엔  찢어진 비닐이 쳐져있고 의자도 바닥도 낙후되어 있는데 다뉴브강 센강의 유람선처럼 깨끗하고 단정하고 세련되게 못하나?
의자도 더 펀하고 고급스럽게 해야지ㅠㅠ",2026-01-22,0,목요일,기타
@sky1234sk,"블루라인기차 송도(? 송정)역앞에 쓰레기좀치우고 아름답게 해라
연두색 울타리안에 쓰레기가 널부러져있더군요
사유지라해도 청소 하라고 해야죠",2026-01-22,0,목요일,교통문제
@jyh958,"부전시장 인것 같은데
다른 말썽 많은시장 처럼
바가지 요금은 없습니다",2026-01-22,2,목요일,숙박/물가
@박수-g3k,인천은 왜 가지? 희안하노😂,2026-01-22,0,목요일,기타
@아리앨리스,"그런데 기업들 다 쫒아내고 거기다 아파트만 짓고 있냐?
시장이 얼마나 삥땅을 치고 있는거냐?",2026-01-22,0,목요일,경제효과
@user-dr1vy9cv4p,해외관광객유치로 금융산업 호텔산업 내수경제 성장하여 청년일자리 지역경제 발전한다!,2026-01-22,0,목요일,경제효과
@user-dr1vy9cv4p,"바가지 불결한화장실 주차바가지 불결한음식 불친절  사기"" 이런것 절대하지마라!  한번 돌아서면 안간다! 광장시장 자갈치시장 주문진 소래포구 울릉도 망했다!",2026-01-22,0,목요일,교통문제
@바람처럼-z7r,"솔직히 일자리는 많음. 단지 일하기 쉽고 
돈 많이 주는 곳이 없을 뿐😅😅그리고 호박이 서울간다고 수박이 되지 않음😅😅😅😅😅",2026-01-22,0,목요일,경제효과
@myH-m7t,부산좋지 .. 부산을 생각하면 항상 행복해 ~~,2026-01-22,16,목요일,지역자부심
@한만덕,월미도자유공원은 자유우방국 관광객유치해야~ 인천상륙 맥아더를 살려서 개발해야~,2026-01-22,0,목요일,경제효과
@dwj7114,부산은 지형상 300만이 살수있는도시가 아님,2026-01-22,0,목요일,지역자부심
@yahohuha9800,관광+경치+음식 조합으로는 한국 최고라고 생각함,2026-01-22,19,목요일,지역자부심
@hhhhhhh67,청사포 기찻길에서 사진 좀 찍지 마라 차 밀려서 개빡친다~,2026-01-22,0,목요일,교통문제
@kikrldkdkkrkk,그거 알아? 부산 강서구 평지만해도 대구시내보다 크다는거?? ㅋㅋ,2026-01-22,1,목요일,지역자부심
@sijinjoo,부산 사람들은 혐중 외치는것들 보면 밞아 죽인다는 생각으로 살아야한다,2026-01-22,0,목요일,지역자부심
@joonlacas3261,호들갑일세.. 24명 비자 신청에 무슨  의미가 있다고..  나쁘다는 이야긴 아니지만 최대 방송사면 과장하거나 호들갑은 떨지 말아야지..,2026-01-22,0,목요일,기타
@dkfls777,"진짜 서해든 남해든,, 여행관광지로 우리도 이제 먹고 살아야함.. K푸드와 지역특산물 위주로,,,아파트식으로 리조트만 짓지말고, 한옥이든,, 각 지역별로 특색있는 건축에,, 특색있는 음식에... 한국식 전통 건물 정자 위에서,, 술한잔??? 치맥하면 정말 좋을 것 같은데... 지방 살리면서 관광업 많이 발전시켰으면 좋겠어요~~~~~",2026-01-22,0,목요일,숙박/물가
@dokdo1593,"다 좋은데 다리 경관을 해치는 것이 너무 많아서 아름다운지 모르겠거든요. 난관과 가이드벽 높이 세운 이유가 뭐에요? 밖의 경관이 안보이잖아! 쇠창살로 만들어도 충분한데 굳이 벽을 세워야 겠습니까?! 해외 여행도 안가본 인간들이 다리를 건설하니까 벌어지는거라고. 운전석 자리가 높다는 SUV에서도 보이지 않을 정도에요. 경관 좋은 자리에 천문학적 세금을 들여 만들 의미가 없잖아! 그리고 호수나 저수지 및 강과 바다 옆에 전망 좋은 도로를 만든 건 기발한 아이디어인데 목 긴 나무는 왜 도로  옆에 심어 놓은겁니까? 이 나무들 때문에 바다, 호수, 강, 저수지가 전혀 보이지 않아! 약주고 병주는거에요? 장난해?",2026-01-22,0,목요일,교통문제
@kimmj7006,부산 시민은 좋아할 일만이 아닐 지도 모릅니다. 세계의 유명 관광지가 물가가 너무 올라서 현지인들도 고통 받고 부산이 돈을 많이 버는 것은 좋지만 그만큼 생활 터전을 다 내어 주게 될 지도 몰라요. 외국 사례를 빌어 정부가 꼭 그 대책을 함께 미리 마련하셔야 합니다.,2026-01-22,2,목요일,경제효과
@내가꿈꾸는그대,"올해 시장선거!!!!!
정말. 제발.
잘ㅡ뽑읍시다🙏🙏🙏",2026-01-22,2,목요일,정책 제안
@redford6523,야구만 잘하면...ㅋ,2026-01-22,1,목요일,기타
@seongjinkim4981,"KBS 조심해야 합니다.. 진실을 보도하지 않는 방송사로 유명합니다.. 노조의 문제인지 사측의 정치편향인지 모르겠지만, 이 방송사는 이미 쓰레기 언론사가 된지 오래입니다. 조심하세요…,",2026-01-22,1,목요일,기타
@sexy_sexybrain,부산이 오사카처럼 변모하길 바라지만 국짐 박형준이 있는 이상 어림없지. ㅋㅋㅋㅋㅋ,2026-01-22,0,목요일,지역자부심
@mind-p6d6z,인천이  볼것도 먹을것도 없는데 수도권이라는 이유만으로 높았을뿐!,2026-01-22,1,목요일,기타
@Kokkiri_vkqkfak,한번 오고 다신 안올거여 .. 별걱정을 다하셔,2026-01-22,1,목요일,기타
@호야-n9q5l,"국가 차원에서 관광지에서의 바가지 요금 근절과 서비스 질 개선을 하여 관광객들이 많이 찾게 하여야 합니다. 
관광 한국으로 우뚝 서 세계 모든 나라 사람들이 꼭 오고 싶어하는 나라를 만들어 가야 합니다.",2026-01-22,0,목요일,교통문제
@우우오오-b3w,내란의힘이 있는이상 저기서 어떻게 해서든 일본 못 넘게하고 일부러 일본음식 일본문화 행사한다 백퍼지 일본에 나라바치려고 입에 개거품물고 달려드는데,2026-01-22,0,목요일,숙박/물가
@TV-yz5ui,이번에는 투표좀 잘해라 부산아,2026-01-22,0,목요일,지역자부심
@Sun-q2p4s,"솔직히 볼 거 그닥. 바다말고 뭐 있나? 

쇼핑: 서울 성수가 휠 볼 거 많고
문화유산: 서울 경복궁을 이길 수가 없고
음식: 맛집은 서울에 더 많고
예술: 문화공연은 서울에서 다 하고
자갈치시장: 노량진수산시장이 더커. 
국제시장: 진짜 볼 거 없던데
까페: 서울 성수 가봐라…",2026-01-22,0,목요일,숙박/물가
@Cosbuffett,"울산도 좀 와라.
부산이 오사카면 울산은 고베정도 된다.",2026-01-22,0,목요일,지역자부심
@성이름-s8n,한국말 통하는 외국 같다? 이런 평이 있더군요. 요즘은 좀 약해졌지만 주변에사 다들 부산 사투리 심하게 쓰는 거 듣고 있으면 진짜 외국 온 느낌.,2026-01-22,0,목요일,지역자부심
@ilksmlee9063,구경할 게 일단 많고~ 친절하고 바가지없고 또 가고 싶다.,2026-01-22,0,목요일,숙박/물가
@park1983,제발 바가지요금   하지말고  다시찿게해라  우리도 어디가서   좋으면  주변사람들한테  추천하고  권하지만  ㅈ바가지요금에  불쾌한일있으면  절대가지마라고 말하지 안나  똑같다,2026-01-22,0,목요일,숙박/물가
@tjwlstnr,우아~해수부가더니 외국인1조 넘고 부산 이제 신낫겠다 부산화이팅 이재명화이팅,2026-01-22,1,목요일,지역자부심
@sungwonlee8699,"앞에 경주랑 연결 시키자 하신 분 계시던데   이 것 좋은데요.  점심 밥,  산책하러 경주에 간간히 가는데 부산이랑 한 시간 십 분 정도 거리입니다. 연결 시키면 괜찮을 듯 합니다.   어떻든지  애들 정착 할 수 있는 무엇인가를 만들어줘야 해요. 숨막히는 곳에서 벗어나서 살 수 있도록",2026-03-22,0,일요일,지역자부심
@dangweon1891,"부산 인구도 소멸이고, 내수도 작살났으니, 그나마 외국인이라도 받으면 다행.
시장 가격도 헬이지만 외국인에겐 혜자일 수도.
지주랑 건물주만 살아남는건 예나 지금이나..",2026-01-22,0,목요일,지역자부심
@김연수-x4g6m,"지난주에 오송서 ktx타고 일박으로 부산다녀온 청주사람인데요~다른건 모르겠는데 시티투어버스를 탔는데 기사분이 다 그렇진 않겠지만 시티투어엔  어울리지 않은 불친절한 태도가 영 마땅치 않아서 개선이 필요하다 느꼈구요~100층 타워 너무 전경이  멋있던데 홍보가 부족한것 같구요~여튼 관광지로 제대로 부상하려면  친절함과 서비스정신이  기본이 되어야한다고 생각했어서 이렇게 의견 올려봅니다!
최고로 멋진 부산 응원합니다 ♡♡♡",2026-01-22,7,목요일,지역자부심
@오영기-r3s,부산이가장 장점을 계속개발좀해라. 관광 상품과머물러쉴수있는 숙박업소와 먹거리자꾸개발해라.제발 바가지씌워 제주.울릉도 꼴 나지말고 많은 사람 올때 좀더 신경쓰고 오래지속되게. 자꾸연구해라.우리나라뿐 아니라 이거는 여기만 있는 최고를 개발해봐라.,2026-01-22,0,목요일,지역자부심
@지나가다-v8t,"관광  인프라랍시고  세금  퍼부은  순이익을   따져야지 ᆢ 서울 세금깆다가  그럻게  퍼부어댓는데 ᆢ
근데  왜  맨날  죽는다는  소리지? ᆢ",2026-01-22,1,목요일,정책 제안
@yepka85,물들어 올때 잘지켜라 이거 누가 잘해서 되는것도 아니고 알아서 이런 이색적인 풍경이 좋다고 찾아와주는데 경관훼손 시키지말고,2026-01-22,0,목요일,기타
@없어-m3v,왜 굳이 점령당했다고 표현하는거? 관광객이 많이 방문했다고 하면 어때서ㅋㅋ,2026-01-22,5,목요일,관광객 쏠림
@붐붐붐-q5q,이럴때일수록 더 투자하여 환경정비하고 바가지 없도록 하자~잘될 때 더 잘하자,2026-01-22,0,목요일,숙박/물가
@Kailongss,불친절 택시나 버스 너무 위험하게 운전 하지좀마,2026-01-22,1,목요일,교통문제
@eurostar3017,서구 감천문화마을 올라가는 입구 경동아파트부근에서 오르막 정상까지 에스컬레이터 설치하면 관광객들과 주민들에게 모두 좋은 이동수단될건데 안하는지 몰라,2026-01-22,3,목요일,관광객 쏠림
@__-fl8ue,관광객들이 많을수록 주민들은 살기 안좋은 지역인게 국룰임 절레절레 거기다 외국인들이라니.....,2026-01-22,1,목요일,관광객 쏠림
@htu6108,차기 부산시장님이 되실 전재수 장관님이 더욱 발전시키실 겁니다^^,2026-01-22,0,목요일,지역자부심
@7HOF7H,부산이 살기정말 좋은도시야 근데 부산시장 잘못뽑아서 아파트만 짓고있어 뭔짓이냐,2026-01-22,0,목요일,지역자부심
@이광열-j6m,낙동강도 발전시켜라,2026-01-22,0,목요일,기타
@jinrockgoon,"한국에서 유일한 관광도시로
밀수 있는 도시임.",2026-01-22,62,목요일,기타
@최귀자-q8l,제주도는 한달 살고싶은 섬.,2026-01-22,0,목요일,기타
@최귀자-q8l,부산 2번 다녀왔지만 또 가고싶은 도시.,2026-01-22,10,목요일,지역자부심
@kcon-vs4ru,윤거니 내란 성공했으면 부산 2찍들 고독사하는건데 재명이가 살렸네,2026-01-22,0,목요일,지역자부심
@장금언,정말?,2026-01-22,0,목요일,기타
@Paul-be3bq,"광안리 옆동네, 댄동에 사는 인간인데 왜 오는지 도저히 이해가 안되네,, 여기 살더라도 광안리 민락 일년에 2번 정도 밖에 안가는데..ㅋ",2026-01-22,0,목요일,관광객 쏠림
@10and10,몇년전에 친구들이랑 예정없이 부산을 놀러갔다가 볼거리 많아서 깜짝 놀람...  우리나라는 볼곳이 없다고 생각해는데 웬만한 동남아 외국보다 볼거리 놀거리가 많았음... 그래서 다음해에 가족들이랑 한번 더감... 서울보다 훨 놀기 좋음.. 또 갈것임.,2026-01-22,29,목요일,지역자부심
@jeansandgin,좋은데 얼마나 많은데...,2026-03-22,1,일요일,기타
@krista3494,여수나 강원도 속초랑 고성도 괜찮던데,2026-03-22,1,일요일,기타
@suilovejl,웬만한,2026-01-22,0,목요일,기타
@양기억-f9v,"부산 해운대만 보면 중화권 관광객이 태반이고 제일 선호하는 곳이 치킨집.돼지국밥집.올리브영.그리고 시장통의 먹거리 호떡.떡뽁이 등이다. 작년 대비하면 (시국이 어수선해서 비교하긴 머 하지만) 정말 많은 중화권 관광객들이
돼지국밥.치맥.시장 음식을 즐기고
올리브영에서 쇼핑하는거 같다.
외교적 문제로 중화권 관광객이 갈곳이 마땅치 않으니 더 많이 오는거 같은데 좀더 먹거리가 다양하게 형성되어야 할 필요가 있어보인다. 먼가 특색이 없고 그냥 돼지국밥집 올리브 영 그리고 시장통 몇몇 가게 에만 사람이 바글바글해보인다.엘시티 상가만 보더라도 그 비싼 월세에도 자리 좋은 치킨집들 올리브영에 사람들 가득하다. 근데 엘시티 상가는 차라리 스타필드 같은 대형 업체가 들어오면 상권이 확 살아날텐데
관광객들이 돈쓸곳이 없어보여서 안타깝네...",2026-01-22,0,목요일,경제효과
@윤여성-h7f,"부산은 버스가 너무 공포스럽더라.
택시나 자동차도 너무 험하게 운전하고.",2026-01-22,0,목요일,지역자부심
@yjlee5427,철저하게  바가지 서비스 관리 한몫 잡을라고 바가지 서비스질 떨어지면 나락가는건 한순간,2026-01-22,0,목요일,숙박/물가
@233ch5,개인적으로 부산 제일큰 문제는 운전습관 같음 보행자위협운전 하루에도 몇번을 봤다,2026-01-22,9,목요일,지역자부심
@로뎀나무-q1l,세계적 관광도시로 성장발전하길... 그럴러면 지금부터 미개한 상술인 바가지요금 같은 일이 생기지 않도록 조심해야 합니다.,2026-01-22,0,목요일,숙박/물가
@종군기자-q5u,솔직히 외국인들 입장에서 부산같은 매력적인 도시가 이제 뜬다는 게 의아할 정도다.,2026-01-22,325,목요일,지역자부심
@박기현-k2i,서울에서만 감당할 수 없지,2026-01-22,0,목요일,기타
@zaclee9693,웃기고 놀고있네,2026-01-22,0,목요일,기타
@kingpark6528,부산은 운전 매너 더러운 넘들이 많아서. 일본에 가서 운전연수좀 보내야 함.,2026-01-22,1,목요일,지역자부심
@namdh8923,아오 넘 좋겠다. 빨간당노비지역에서 축제아니냐.,2026-01-22,0,목요일,기타
@긍정kjy,몇군데만 바글바글,2026-01-22,0,목요일,기타
@행복투성이-f8i,"광안리사는데 진짜 너무좋다 아침에 바닷가 조깅하고 차한잔마시면 내가 마치 성공한 인생?을 사는거같다😂 뒤엔 산도있고 맛집천지고 주말마다 행사축제 많이 하고 너무 살기좋다 요샌 외국분들도 엄청 많이 오셔서 행복한모습 많이 보이드라 우리아파트에도 외국분들 많이살드라 살기좋은부산 다이나믹 부산
부산시장 형준이만 바뀌면 최고다",2026-01-22,0,목요일,지역자부심
@diekimse9201,부산에 24시간 비행기 이착륙만 할수있어봐라 관광객 지금보다 몇배일듯,2026-01-22,16,목요일,지역자부심
@MindPurification-ye5ns,중국사람과 대만사람 구분법.... 서로 조용히 얘기하면 대만사람~~ 시끄럽게 얘기하면 중국사람~~,2026-01-22,0,목요일,관광객 쏠림
@성훈안-v3h,노인과  바다밖에없는  제2의도시  부산에  외국인들이  3백만이넘게  찾아준다니  고맙네요,2026-01-22,50,목요일,지역자부심
@김동준-j8q,하긴 부산은 이제 노인과 바다 뿐이니 관광업으로 돈 벌어야지.,2026-01-22,0,목요일,경제효과
@sanity1160,"그래봤자 일본, 싱가폴, 태국, 심지어 필리핀 보다 관광객이 형편없이 쪽팔리는 수준이다.",2026-01-22,1,목요일,관광객 쏠림
@마시멜론-z6f,시장은 지져분하고 저개발 국가 같아요 화장실도 신경써야 하고요,2026-01-22,0,목요일,정책 제안
@한상붕-i8s,부산뿐 아니라  부울경이 살려면 관광객   유치도 필요하지만 대기업을 유치해서 일자리를 만드는 것이 급선무다  그러기 위해서는  가덕신공항이  지금 계흭 보다 훨씬 현실성  있는  크기로  활주로 넓이와  길이를  충분히 확보할 필요가 있다,2026-01-22,9,목요일,경제효과
@이호진-f3y,부산 전통시장이 외국인 의 선호도가 높다고 하니 다행스럽네!꼭 서울 광장시장 소래포구의 전철을 밟지 않도록!!,2026-01-22,0,목요일,지역자부심
@summer-l9z5r,일본인들이 서울여행와서 대중교통 이용하면서 똑같이 얘기하더군요. 운전 거칠어서 너무 공포스러웠다고 .. 우리나라애서 운전 못할것같다고하더라구요.,2026-01-22,0,목요일,교통문제
@summer-l9z5r,"부산만 그런거아닙니다. 일본인들이 서울 여행와서 운전자들 운전매너 언좋아서(운전 거칠고, 경적 빵빵거리고, 사람보다 차가 먼저 등등) 경악합디다. 한국에서는 운전 못할것같다고하던데요.",2026-01-22,0,목요일,지역자부심
@박현-p1u,뜨는것도 중요하지만 관리가 더중요,2026-03-22,9,일요일,기타
@ykim567,"경주를 더 포장 하고, 코스로 만들어야 합니다. 다른 나라까지 와서, 부산만 보는것보다, 그 나라 문화/역사까지 볼 수 있다면 더 매력 있는 관광이 될꺼에요. 충분히 할 수 있습니다. 전세계 관광지 돌아보면, 정말 유명하고 대단한 곳 빼고, 별거 아닌거 관광상품으로 잘 포장해서 먹고 사는곳 대다수 입니다. 부산은 대단한곳이 될 수 있는 매력을 너무 많이 가지고 있습니다. 도쿄도 제칠 수 있다고 봅니다. 물론, 지금부터 어떻게 만들어 가냐에 따라...",2026-03-22,8,일요일,지역자부심
@DSb-vn8qm,"​ @ykim567 
숙박이 문제",2026-05-14,0,목요일,숙박/물가
@mjK-q5g,문화관광부가 일을 못하는거지,2026-04-22,5,수요일,기타
@DSb-vn8qm,낙똥강좀 환경복원하자 😮,2026-05-14,0,목요일,기타
@변강쇠-t1l,외국인들은 한국의 역사에 관심이없습니다. 그들이 원하는건 저렴하게 먹고 즐기는것입니다.,2026-05-21,0,목요일,외국인 인식
@youjinjeong9895,부산은 서울같은 궁궐이 없으니 자성대 주변을 토지 매입해 디자인적으로  잘 개발해서  미니 경복궁을 만들어야 됨. 어차피 세계 문화유산으로 등록할건 아니잖아 ㅋ,2026-03-22,3,일요일,지역자부심
@사마귀질럿,​ @youjinjeong9895  동래산성있음,2026-04-22,0,수요일,기타
@이웃집독도로-f7x,노인이 서비스 해주고 있심더.ㅋ,2026-01-22,1,목요일,기타
@sungwonlee8699,서울 가도 노인들 우글우글 합니다.    부산은 바다라도 있지   서울 돌아다녀 보세요.  사람만 많아요.,2026-03-22,0,일요일,지역자부심
@햅삐-z1q,크루즈호 사람들 부산관광하고 다시 승선하는 과정에서 수속하는 직원 수가 너무 적어 한참을 관광객이 서서 기다리는 장면을 봄.. 제발 인력 좀 충원해라,2026-01-22,8,목요일,지역자부심
@이승기-l8j,부산은 전봇대와 거미줄 같은 전선 쫌 정리해라! 전선 지하화해야 도시가 이뻐보인다,2026-01-22,1,목요일,지역자부심
@ha1958-f8c,송도와 연계하여 영도 절영로를 개발해야,2026-01-22,1,목요일,정책 제안
@anbread4955,반가운 소식이네요 외국인이라도 많이 와서 천만  다행인듯 요즘엔 백인들도 한국말 하시는 분들이 더러 있더라고요,2026-01-22,2,목요일,외국인 인식
@용산뻐꾸기,부산 변질되지않고 부산만의 고유한 특색 유지하길 ㅎㅎ 부산 매력적이긴 함 ㅎㅎ 다양한 컨텐츠나 볼거리 .도시 개선 다양하게 개발해주시길,2026-01-22,205,목요일,지역자부심
@wspaik100,엊그제 2년만에 부산여행 갔다왔는데 중국인 관광객들 엄청 많긴하더군,2026-01-22,2,목요일,지역자부심
@sporkelp,"이런 뉴스들의 의도를 봐야합니다. 아무 이유없는 반복된 보도는 없습니다. 
첫번째 이유는 체감경기 악화 덮기용 서사입니다. 실물경제·고용·자영업 체감은 나쁜데, 특정 지표(외국인 지출 1조)를 반복 노출해
“경제는 잘 돌아가고 있다”는 인상을 만들려는 목적입니다. 부분적 호황을 전체 회복처럼 포장하는 전형적 방식입니다.
두번째는 정책 성과 홍보 및 정당화입니다. 
관광·이벤트·개방 정책의 ‘성과’를 강조해 예산 투입, 규제 완화, 외국인 유입 확대 정책을 정당화하려는 의도가 깔려 있습니다.
특히 지방정부나 중앙정부의 치적 관리용 메시지일 가능성이 큽니다.
외국인 소비 = 지역경제 회복이라는 단순화. 외국인 지출 증가가 곧 지역 주민의 삶의 질 개선으로 이어진다는 전제를 깔지만, 실제로는 임대료 상승, 내국인 소비 위축, 특정 업종 쏠림 같은 부작용은 거의 다루지 않습니다.
마지막은 관광국가 프레임’ 고착입니다.
부산을 산업·금융·기술 도시가 아니라 소비·관광 중심 도시로 규정하려는 담론 형성 효과도 있습니다. 이는 장기적으로 특정 이권 세력이 부산을 특정 방향으로 만들고자 하는 의도가 담겨 있습니다.",2026-01-22,1,목요일,경제효과
@rewqqwer9783,"부산이 부산vs인천으로만 보면 압승이지
대중교통, 인프라, 관광 등등
인천은 그냥 서울이랑 가까운게 도시 특징임 말이 인천광역시지 인천만 놓고보면 경기도 중 하나임 ㅋㅋㅋㅋㅋㅋ
부천이랑 붙어있고 애들 수준도 부산보다 많이 딸림",2026-01-22,0,목요일,경제효과
@djs6687,"내란땅 배신자 가오도 없는곳
이찍들 지원금 받지마",2026-01-22,0,목요일,기타
@pureula,여러분 관광업 시작하세요~~ 물 들어올때 노 저으세요~~,2026-01-22,0,목요일,기타
@조규식-r5g,"대구는 뭐하냐? 맨날 능력없는 국힘 시장 뽑아주니 전국 꼴찌 아니냐.
그래도 또 뽑을거지?",2026-01-22,0,목요일,정책 제안
@頂上一鍼,부산이 아무리 살기좋아져도 서울이나 수도권에 사는게 낫지 😅 부산은 가끔 여행가기에 적당,2026-01-22,1,목요일,지역자부심
@김경환-b5w6h,"서울광장시장 닮을까염려된다.
쪼잔하게 살지않길~",2026-01-22,0,목요일,정책 제안
@잘살아보자구,인천은 잘 볼게 없다 청라 송도 폭망 ㅋ,2026-01-22,0,목요일,기타
@김영훈-y6j,얼마전  해운대  가서  국밥  먹었는데  깜짝 놀랏습니다   맹물에  삶은 고기넎은 수준이었어요  제대로 만들면  남는게 없는수준의  요즘 물가라지만   이건 너무 하다는 생각이 들더군요,2026-01-22,0,목요일,숙박/물가
@keesungzang3324,쏠림이 맞지요. 온 나라가 관광객으로 넘쳐 나는건 글쎄요...,2026-01-22,0,목요일,관광객 쏠림
@무리뉴와아이들,부산이 바가지가없다고? 자갈치 가봐라 다신안간다,2026-01-22,0,목요일,지역자부심
@하하하하하하-l9u,"부산 살기 진짜 좋아요. 쪼매만 나가면 광안리, 뒤돌아 보면 금련산 집값도 착해요. 
먹거리 서울보다 훨 많아요.
저도 운동하러 광안리로 가는데 걸어서 십분... 볼거리 놀거리 먹거리가 진짜 많은거 같음. 
저도 4년전 서울에서 부산으로 이사 옴.",2026-01-22,207,목요일,지역자부심
@구리구리-c4c,서울이 넘사긴하네...지역균형발전 시급한듯,2026-01-22,0,목요일,기타
@user-dadadawa,부산하면 해운대지   서울와서 미사리가겠나 구로가겠나 마찬가지지,2026-01-22,0,목요일,지역자부심
@mjK-q5g,이미 많아 개발은 무슨 개발하면 망치지 보존을 해야지,2026-04-22,1,수요일,정책 제안
@Billy-pe8lc,"살기는 좋은데,남자 일자리는 없잖아",2026-01-22,7,목요일,기타
@하하하하하하-l9u," @Billy-pe8lc  여기도 사람 사는 곳임. 일자리 없다는건 내 입에 딱 맞는 일자리만 찾을때 그렇다는 거고, 부산 300만 인구가 뭘 해서라도 먹고 살고 있음. 서울 집값 50~60%면 부산에서 쾌적한 주거 해결됨. 죽어라 벌어 주택융자 갚느라 인생 다 가는데 부산에서 조금 덜 벌어도 스트레스 안받고 생활할 수 있음.",2026-01-22,32,목요일,지역자부심
@달려라하니-k3i,"​​ @Billy-pe8lc 
대한민국 대학졸업자는 70% 인데 고학력을 요구하는 직업은 절반도 안됨. 
능력도 안되면서 고수입의 좋은직업만 찾으니까 답이 없어요",2026-01-22,8,목요일,기타
@mallang1112,먹거리 많은건 맞지만 서울보다 훨 많은건 아님. 그리고 볼거리는 서울한테 못이김ㅋ 부산 태생이고 회사땜에 서울 도심 산지 10년 넘었음. 부모님 부산 계셔서 매년 10회씩 부산도 가지만 10년전이랑 다르게 많이 바뀐건 맞지만 서울은 더 좋아졌어,2026-01-22,5,목요일,지역자부심
@양-k9v,​ @mallang1112 바다가  다른점 이죠,2026-01-22,11,목요일,기타
@c.h2132,​ @mallang1112 그건 님생각이고.. 저도 10년간 서울사는데 중산층이면 번화가나 대형카페 위주는 비슷해요 님이 뭔 초고소득자이면 모를까,2026-03-22,2,일요일,기타
@c.h2132,님이사는 부산 부모님동네가 달동넨가보죠 부산도 동네마다 달라요,2026-03-22,1,일요일,지역자부심
@라라-g8t1l,제일유명한 돼지국밥집 갔었는데 제취향은 아니었음 ㅠㅠ,2026-01-22,0,목요일,기타
@귀요미레오,부산 송도 쓰레기좀  관리하지~  낚싯꾼들 쓰레기 버리고 떡밥 뿌리고 흘리고 냄새나고~~ 낚싯꾼들 단속 좀 하쇼!!,2026-01-22,0,목요일,지역자부심
@귀요미레오,해운대시장은 너무 비싸다!  부전시장이 싸고 맛있고 ~,2026-01-22,0,목요일,숙박/물가
@이현승-c9h,"가덕신공항과 남북철도가 연결되는 날
부산은 부산은 대륙의 시작이자 끝 관문으로서 엄청난 관광객들이 오는 세계 최대 관광도시가 된다
가덕신공항과 남북철도  연결  빨리 해주세요",2026-01-22,0,목요일,지역자부심
@sunydave8662,좌파만 몰아내면 대한민국은 세계 최강국이 된다.,2026-01-22,0,목요일,기타
@NADOYAGANDA,외국인이 전통 문화 체험하게 부산에도 궁 하나 지어라. 행궁 컨셉으로 지어도 좋고 정원 컨셉으로 만들어도 좋지. 외국인과 방문자들이 원하는 건 굳이 실체성이나 역사적 맥락 여부가 아니라 휴식과 체험이니 없던 거 만들어도 괜찮다.,2026-01-22,4,목요일,지역자부심
@jlr6617,"바가지 씌우지말고 잘 응대해라, 울릉도 짝나지말고",2026-01-22,0,목요일,숙박/물가
@jjonglee6864,이재명 대통령님한테 감사해라,2026-01-22,1,목요일,기타
@everyheart565,"오륙도 스카이워크, 흰여울 문화마을 <- 이런덴 가지말길",2026-01-22,2,목요일,기타
@세빤,씨앗호떡 가격 올랐더라. 2500원,2026-01-22,6,목요일,숙박/물가
@세빤,에스칼레이터 설치 좀 해라,2026-01-22,5,목요일,기타
@eugenewoo7702,"서울 좀 그만와라
부산 인천 등은 당연하고 강릉 속초 대전 목포 여수 경주 부여 단양 제천 합천 해남 등등 좀 가~~",2026-01-22,0,목요일,지역자부심
@ftgu7ujj-x6h,"오산 세마대로 많이 놀러오세요
어묵꼬치 팔고있어요. 많이 사주세요.
싸고 맛있습니다. 1개 3천원~~~",2026-01-22,0,목요일,기타
@jhk7989,사상 최고치라면서 겨우 1조 ?? 그걸 누구 코에 갖다 붙이냐,2026-01-22,2,목요일,지역자부심
@ryongjang,그럼에도 자영업은 폭망이다:body-blue-raised-arms::body-blue-raised-arms:,2026-01-22,1,목요일,기타
@w사과,광안대교상징인  하얀색을  시커먼회색칠해서   광안대교  다즉여놓고 외국인도   다떠났다 당장 광안대교 하얀색으로 칠해라,2026-01-22,15,목요일,외국인 인식
@belno1051,"기장 해도용궁사
외국인 관광객 미어터지고 있다",2026-01-22,1,목요일,관광객 쏠림
@leonardkim690,부산 습해서 별로던데... 좋아해준다니 다행이네. 관광도시로 발전하길. 울릉도 꼴 나지 않게 상인들끼리 가격 관리잘해라.,2026-01-22,0,목요일,지역자부심
@renomapol9538,콘크리트 건물과 바다 기껏 해야 야경 그리고 감천마을 용궁사 해운대 광안리 서면 귝제시장 자갈치 태종대 금정사찰 뻔한 부산 스토리에 외국인들 시선에서는 오래된 역사유적지 없다는것이 한계,2026-01-22,0,목요일,지역자부심
@xerossxify,레고랜드를 부산에 지었어야했음,2026-01-22,4,목요일,지역자부심
@남김종대-b6b,망해가는도시 부산 ㆍ차라리  반도체공장이 와야지 ㆍ,2026-01-22,0,목요일,지역자부심
@전찬우-n1l,부산에 뭐 볼거 있디고.. 와줘서 고밉긴 한데...,2026-01-22,0,목요일,지역자부심
@남김종대-b6b,우린 별로다,2026-01-22,0,목요일,기타
@남김종대-b6b,우린 별로다,2026-01-22,0,목요일,기타
@kennethkim9469,"무슨 관광철도, 무슨 마을 해봐야 역사나 헤리티지 이런건 전무하고 관광목적에  급조한 것들 뿐이고 하고 스카이라인 해봐야 뭐 99% 거품으로 만들어진 아파트이긴 하나(홍콩,상해,맨하탄 같이 오피스빌딩이 80%인곳과 달리) 결과적으로 외국인들 많이 오신다는 건 씁쓸하지만...",2026-01-22,0,목요일,교통문제
@김미정-q9b,부산으로 이사가고 싶어요!!,2026-01-22,24,목요일,지역자부심
@재천조-s3b,여수 공 항 이 용 부 산 으 로,2026-01-22,0,목요일,기타
@김준태-j4u,"다대포는 건들지 마세요
해운대가 최고인줄 알았었는데",2026-01-22,7,목요일,지역자부심
@mistyarea4512,갑자기 부산이 뜬 이유가 궁금,2026-01-22,0,목요일,지역자부심
@맥스-k8n,"부산은 외국인 안 오면 굶어죽기 딱 좋은도시
관광인없인 죽은도시",2026-01-22,0,목요일,지역자부심
@바오덕아줌마,"내고향 부산 산.강.바다 다있고  밀면 국밥 꼼장어.아나고 등등 부산만의 음식도 다 맛잇고 사계절 날씨까지 타지역보다 덜덥고 덜춥고  눈안와서 살기좋아요.  
골프마니아들한테도 엄청 좋은동네이고  
그가치를 이제 외국인들이 알아주는군요.",2026-01-22,21,목요일,지역자부심
@이남기-i3m,관광지  가성비짱  넉넉한인심 업어면망함 몰라 안타까움,2026-01-22,0,목요일,기타
@탑여의나루,금융수치보면 부산은 서울의 1/100 이나 되면 다행,2026-01-22,0,목요일,지역자부심
@꿈같은일장춘몽,"기념품이 다 중국꺼임
K브랜드 개발 절실함",2026-01-22,0,목요일,정책 제안
@wariz-8346,"관광은 뽀나스다.. 국제 정세에 따라 언제든지 뜨고 지는 산업이야. 
오래동안 번영하는 도시가 되고 싶다면, 좌고우면 하지 말고 물류산업에 몰빵해라.. 무역허브가 부산의 미래다.",2026-01-22,1,목요일,지역자부심
@dollsface,"중국 많다 ,,,,",2026-01-22,0,목요일,기타
@lll-p9e1m,"저 정도 관광 규모인데, 엘시티 상가가 공실인게 말이 안됨. 아쿠아가든 같은 카페 들어오면 진짜 딱인데, 상가들이 못 들어 오는 이유가 분명 있을 듯. 시가 나서서 해결해서, 기회가 낭비되고 있는걸 조취해야 함.",2026-01-22,1,목요일,기타
@sy132,인천 관광지 아닌데 어떻게 부산과 비교를 함?,2026-01-22,1,목요일,지역자부심
@ilwon4995,"전 지역에 골고루 관광객이 온다면 그곳은 관광지가 아니다. 관광지가 무엇인가? 관광객이 몰려서 많이 오는 특정 지역이다. 도시 균등 발전은 균등 관광이 아니라, 미래 산업 일자리 창출로 해결할 생각을 해라. 부산의 문제는 일자리(공장)를 시외로 내쫓고 그 자리에 잠자리(아파트)만 많이 지어 댄다는 것이다.",2026-01-22,2,목요일,지역자부심
@thedavemanride,부산 요즘 잘 나가네,2026-01-22,1,목요일,지역자부심
@-mandoo-,한국에 몇없는 지역특색이 강한 곳임. 대부분 도시들은 죄다 서울베끼기 특색이 하나도 없잖아,2026-01-22,0,목요일,기타
@-mandoo-,북극항로 때문에 앞으로 서울급으로 커질 도시임.,2026-01-22,0,목요일,기타
@Jomalone.,저도 떠난지 오래지났는데 .. 댓글보니 침 나오네요ㅋㅋ,2026-01-22,1,목요일,기타
@이1-o8o,"본래 부산은 바다와 산이 딱 붙어 있던 지역.
해변에서 바로 산이 시작.
산ㅈ깍아서 매립하여 평지를 쫌 만들었고 그 평지가 좁다고니 피난민들은 전부 산으로 산으로.
산으로 올라간 감천마을을 해변과 더 가깝고 다른 산보다 더 험한 일제시대 공동묘지 지역에 조성됨.
감천 마을 방바닥 밑은 유골이...지금도 곳곳엔 묘지석,비석이 흩어져 있음.",2026-01-22,0,목요일,지역자부심
@leesas3131,그런데..부산 택시아저씨들  제발 정치얘기 좀 하지말았으면 좋겠음,2026-01-22,0,목요일,지역자부심
@hyeyeonglim4813,부산은 정말 아깝다 생각했는데 다행이네요,2026-01-22,74,목요일,지역자부심
@haku-d4z,관광도시가 되야됨 무조건,2026-01-22,96,목요일,기타
@대이-r4r,"신호체계랑(출퇴근시간 보행자신호 늦추기등) 
동천강 수질만 잘 정비되고 다양한 연령층을 위한 가요공연장,미술관,박물관들등을 더 많이 만들고 도심등에도 사계절 나무(편백나무,구상나무,홍송등)들 빽빽하게 많이 심고하면 더 발전하고 잘나갈듯",2026-01-22,0,목요일,기타
@박살주먹,내 외국인 친구도 2달 넘게 부산에 있어요 쉬면서 원격으로 일하는중,2026-01-22,0,목요일,지역자부심
@drak1265,"외국인 관광객이 관광지만 가면되지 구지 로컬지역까지 왜?? 로컬주민들만 불편하다 주민들이 외국인 관광객 온다고 좋은게 먼데?
그냥 있는 관광지 더 잘 만들어서 외국애들 돈쓰게 만들면되지 세금이제 제대로 걷어서 주민들 복지에 좀 많이 써라",2026-01-22,2,목요일,경제효과
@user-kdg3hsjab8n,제 2의 도시는 부산입니다😂,2026-01-22,2,목요일,지역자부심
@김홍기-e1i,부산이 더욱 행해라~,2026-01-22,1,목요일,지역자부심
@nothingtobdone,"윤석열 추종자 놈들 혐중 못하게 처벌해야되
바가지 씌우는 상인들도  
영업못하게 해야되",2026-01-22,0,목요일,숙박/물가
@boraneon,"솔직히 말해 k pop, k 영상 등 한류바람을 타고 호기심에 서울 외 부산, 인천 등 대도시 위주로 외국인이 오긴 하는데 과연 무엇을 보고 느끼고 갈지, 재방문 의향은 얼마나 될지 철저히 분석 바랍니다. 제가 볼 때는 그저 그런 도시의 경험으로 안식 될 확률이 높습니다. 우리에겐 익숙한 일상이 그들에겐 놀라운 경험이 된다? 물론 그럴 수도 있지만 요새 우리 여행 유튜브 영상도 많고 외국의 유명 도시 관광지와 우리의 부산 같은 곳이 얼마나 차이 나는지 곱씹어 봤으면 좋겠습니다. 부산 같은 해변 낀 도시는 많습니다.",2026-01-22,1,목요일,지역자부심
@여H,노인과 바다의 도시,2026-01-22,0,목요일,기타
@parkhunjoong,"부산 지자체장들 제발 정신 차려라.
아파트 만 짓지 말고.   

국힘당 공천만 받어면 끝이다.  이것들은  외국인 관광객 신경 안쓴다.",2026-01-22,28,목요일,지역자부심
@구글러1,부산을 오사카처럼 관광 발전좀 시켜라,2026-01-22,833,목요일,지역자부심
@gslee-r3w,씨바 관광객이 온다는 이유만으로  식당 가격만 자꾸 오른다,2026-01-22,0,목요일,숙박/물가
@illliiilllii,"제발 7 부두8부두 감만부두 신선대부두좀  빨리 옮기고 
관광도시답게 
해양 휴양지로  만들어라 부산시장은  아파트만짖게  하지말고 
부두좀  없애라고 
폐선박들 방치하지말고 
다없애고  관계기관들은 뭐하고  있노",2026-01-22,3,목요일,지역자부심
@lorune3156,"부산 미관 다 망쳐놓은 주범 = 고층빌딩.
부산은 산이 있고 거기서 내려다보는 맛이 있는데 고층건물이 다 막아놓음 ㅋㅋ 여기서 또 니가 돈 있으면 가면 될거 아니냐 하겠지만 너거는 높은 확률로 부산을 몰라도 모른다 ㅋㅋ 바다 가까운데 고층지어 올리면 거기서 막상 뭐가 보이노? 영화관을 가도 맨 앞자리 앉으면 화면을 다 못본다. 뒤에서 넓게 봐야지. 어휴..",2026-01-22,7,목요일,경제효과
@monicamonica1341,부산은 진짜 최고다. 볼거리 먹거리 호텔 가격 최고,2026-01-22,2,목요일,지역자부심
@쏘피아-g8d,ㅎㅎ 부산시민분들 축하드립니다ᆢ잼통효과 톡톡하네예~~♡,2026-01-22,1,목요일,지역자부심
@amseokhwang949,부산은 아파트를 짓는게 아니고 관광지개발이 답이다. 시장 잘못만나서 이지랄이다. 또 아파트 계속짓지왜?,2026-01-22,34,목요일,지역자부심
@아이민36,부산토박이인데요.. 살다살다 외국인 이렇게 많은거 처음봅니다 ㅋㅋㅋ,2026-01-22,362,목요일,지역자부심
@Z맨철거,철거하고 새로 리모델링만 잘해도 좋을텐데... 매번 아파트만짓다니...,2026-03-22,0,일요일,기타
@Cyhyuk-t6t,"부산 충분히 할수있음
그만큼 장점이 많아서 시간은 좀 걸리겠지만

강원도 사람으로서 부산도 이국적이에요",2026-01-22,46,목요일,지역자부심
@mitsnariishida5320,​ @Cyhyuk-t6t 부산은 바다없으면 나가리임 그나마 바다가 있는게 특화된점임 그걸 살려야지..서울이 바다까지 가지고있었다면 게임 끝.,2026-01-22,14,목요일,지역자부심
@leelee-b5h,원댓은 ‘오사카처럼’ 한국의 대표적인 관광도시로 발전시키자는 말인데..왜 일뽕 둘은 못이긴다 이러고 있는거임?병이다 병..,2026-04-22,3,수요일,기타
@숏편지,일단 공항부터 빨리 좀 짓든가 해야합니다...,2026-04-24,3,금요일,기타
@WhopperKing_,하고 있는데요? ㅋㅋㅋ 그래서 저렇게 외국인이 늘어난 거임 님이 그런 말을 하는 거 자체가 평소 관심도 없었다는 거 ㅋㅋㅋㅋ,2026-03-22,1,일요일,외국인 인식
@Samahcl,오사카는 규모나 역사나 국제화 정도나 부산과는 넘사벽 수준임. 인구 제외하면 서울 이상,2026-05-01,1,금요일,지역자부심
@브롯-m4z,롯데월드 만들었음 대박 났을 텐데....유니버셜 스튜디오 유치하는게 빠를 듯 ㅎ,2026-05-08,1,금요일,경제효과
@나이지리아-p5d,방구석 여포놈아 그럼 니가 제안을해봐 방안을 ㅋㅋㅋㅋ 당장 오사카를 어떻게 이겨!!!  유니버셜스튜디오나 만들라해 니가 건의해서 ㅋㅋㅋ무슨,2026-01-22,0,목요일,정책 제안
@hide_elegance,안될껄? ㅋㅋㅋ,2026-03-22,0,일요일,기타
@minmanjo5064,오사카 볼거 없음,2026-04-22,0,수요일,기타
@닉네임닉네임-i5k,벌레랑 좀도둑이 많아서 안된다,2026-05-01,0,금요일,기타
@2312천귀현여,접근성 좋은 북항 개발 잘 하는 세계적인 관광지가 될듯,2026-05-13,0,수요일,정책 제안
@Superanian,불가능합니다. 국짐당 쪽이 시의회를 장악하는 한.. 절대 불가능~,2026-05-15,0,금요일,기타
@lllliiiiiillliiii,오사카 개 작고 할거 없음. 교토랑 usj가는 김에 가는 곳,2026-03-22,12,일요일,기타
@gardensecret7458,인구소멸지라고 하는 영도 볼때마다 어리둥절.  세계적인 관광지일 수 있는 입지조건인데 개발 안된거 보면 의아함     내가 시장이면 자갈치역에서 깡깡이마을 쪽으로 트램이나 인도교 연결해서 흰여울 동삼동까지 관광노선 개발할 것같음.    숨겨진 보물같은 지역이라고 생각함.,2026-03-22,12,일요일,교통문제
@youjinjeong9895,"​ @gardensecret7458   영도는 정말 보석같은 지역임  👍👍👍... 대도시 바로 옆에 섬이 있는곳  세계적으로 몇군데 없을꺼라 봄. 송도쪽 케이블카 타러 많이 오니 그쪽에서 부터 
영도를 연결 시킬 수 있는 모노레일 등등 있으면  나름 대박인데",2026-03-22,4,일요일,교통문제
@Zenith821,한국전쟁 특수로 미군들 휴양지로 발전시킨 일본 도시들을 관광지로 당장 이기긴 어렵죠.,2026-01-22,7,목요일,기타
@골목대장-s1w,​ @Zenith821  이기자는게 아니라 발전시키자는말 아닐까요?,2026-01-22,16,목요일,기타
@mitsnariishida5320,일본의 오랜 중심은 교토였고 그 교토옆 대도시가 오사카였습니다. 볼게많죠. 그리고 왕이 거주하는 한양 중앙집권의 나라인 조선과 다르게 일본은 오랫동안 지방색이 강했습니다. 지방마다 그 지역을 다스리는 영주들이있었구요. 지방색이 강해 볼게 더 많음,2026-01-22,7,목요일,기타
@ojh0420,시장 구의원들이 다들 무능력이라,2026-01-22,5,목요일,정책 제안
@커피초,100년이 지나도 오사카는 못이겨 ㅋㅋㅋ,2026-01-22,18,목요일,기타
@hide_elegance,​ @커피초 1000년지나도 안됨,2026-03-22,0,일요일,기타
@풀-b6x, @커피초  통일되믄 유럽으로 뻗는 열차의 종착역이자 시작점은 부산^^ 일본은 해저터널 못 뚫어서 안달이라죠^^,2026-01-22,8,목요일,지역자부심
@ojh0420,​ @커피초 내란당만 계속 뽑으니 못이기지,2026-01-22,7,목요일,기타
@고마운유리창,부산시장 하는꼬라지봐라 ..,2026-01-22,9,목요일,지역자부심
@은평구냥아치,"오사카는 그래도 한때 수도같은 역할도 하고 역사적으로 중요도시였는데 부산은 솔직히 일본하고 무역하던 항구도시 그 이상도 이하도 아니였지 
한국전쟁으로 구석으로 몰리면서 피난민들 몰리면서 커진거고 
도시의 근본자체가 달라서 비교하는게 아니다.",2026-03-22,1,일요일,지역자부심
@youjinjeong9895,"​​ @은평구냥아치  과거에  그만큼 바다의 중요성을 모르고 해양무역등 상업을 활성화 시키지 않았으니  2천년전 신라보다도 문화가 딱히 발전한걸 볼 수 없었던 조선 그러니 나라가 도태될 수 밖에 ... 근본자체가 달라 오사카랑 비교대상은 아니였지만 앞으론 비교될 수  있으니  타지역인들
부산에 대해 감놔라 배놔라 제발 태클만 안걸면됨  😂😂😂",2026-04-22,0,수요일,지역자부심
@지나가다-v8t,부산시민들이  세금을  더 내면  됩니다 ᆢ,2026-01-22,3,목요일,지역자부심
@못말리는울프,​ @지나가다-v8t  부산 청년 일자리 많아지면 가능하겠죠,2026-01-22,6,목요일,지역자부심
@youjinjeong9895,"​ @지나가다-v8t  세금? 앞으로 청년 일자리 많이 만들면 되고 그리고 부산에 원전있으니
전기값 차등 적용해서 수도권 시민은 40~50%정도 더 부담케 하고 부산시민은 40~50% 싸게 하자",2026-04-22,0,수요일,지역자부심
@billionaire1216,내란당 부산시장을 갈아치우면 가능,2026-01-22,1,목요일,지역자부심
@극좌친중매국노,@billionaire1216 더불어공산당 출신 뽑아놨더니 박원순했잖아,2026-03-22,0,일요일,기타
@hohahoho,ㅋㅋ 송도해변가보니 숨이 탁~,2026-01-22,0,목요일,기타
@민주김-n9d,건축허가는 구청에서 하는데 부산시장이 건설회사 사장도 아니고요,2026-01-22,5,목요일,지역자부심
@박카스-z2c,"대한민국 자체가 아파트 공화국인데
무슨 누가보면 부산만 그런줄 알겠네? 저기요 부산 도시에요
촌이 아니고. 
관광 인프라 힘써야 하는건 맞지만
국민 주거가지고 헛소리 그만하세요
지방에서 부산만큼 그래도 잘 관리되는 곳이 있긴해요?",2026-04-22,1,수요일,지역자부심
@Moon.J.I,"(문제인) 부동산 폭등 > 부산 기업 회사 처분 APT 개발사업 > 김해 양산,회사 이전 > 수영만 요트장 개발 + 황령산 개발(시민단체 반대) 😅😅",2026-04-22,0,수요일,경제효과
@myH-m7t,서울은 장난아니어요 ~~한국 요즘 미쳤음,2026-01-22,25,목요일,기타
@dr.sungTV, @myH-m7t  서울은 외국인 반 한국사람 반 ㅋㅋㅋ,2026-03-22,0,일요일,관광객 쏠림
@광야-e8f,감천문화마을은 걍 외국임,2026-01-22,23,목요일,외국인 인식
@ililililililili1234,남포동도 한국인보다 외국인이 더 많아요. 외국인 없었으면 상권 다 죽었을건데. 진짜 다행,2026-01-22,23,목요일,경제효과
@UJ1004,그러게요 해운대 갔더니 많아도 너어무 많아져서 깜놀람,2026-01-22,35,목요일,관광객 쏠림
@kangcharlie9454,뿌산 ~~~~~♡  멋지데이,2026-03-22,4,일요일,기타
@dr.sungTV,​ @kangcharlie9454 가즈아,2026-03-22,0,일요일,기타
@도호-k5o,요새는 유럽단체관광객도  심심찮게 보임,2026-01-22,30,목요일,관광객 쏠림
@바쁘야,대만인들도.....,2026-01-22,0,목요일,기타
@dongseokbottle.3347,이재명  진짜 잘한다. 대구도  잘되고싶으면 부산처럼 각성해라.윤어게인같은 ㅂㅅ짓 하지말고,2026-01-22,0,목요일,지역자부심
@user-qi3ur2gm1j,강남에 매일 거머리 같은 몰골로 출근하는데 무슨 아이돌마냥 각 잡고 쫙 빼입은 외국인 관광객들 마주치면 좀 미안해지고 그럼…,2026-01-22,0,목요일,관광객 쏠림
@dghfbmin3838,"근데 후쿠오카도 한국같음.
오가다 보는게 거의 한국인~~^^;;",2026-03-22,5,일요일,기타
@kangcharlie9454,"부산에서   외국인과  살고싶데이
외국인들은   매너가좋아
부산좋아해  ^  ^♡",2026-03-22,3,일요일,지역자부심
@최병택-k9i,"서울에 비하면 택도 없지만 수도권에있는 인천을 앞서다니 부산 대단하군요.
앞으로도 쭉 이랬으면 합니다.",2026-01-22,2,목요일,지역자부심
@한성용-u6h,행정수도를 부산 동부나 서부산 광활한 땅에 세우면 부산은 정말좋은 도시다 세계적이다,2026-01-22,9,목요일,지역자부심
@소진형-n3z,서민이 살기로는 대한민국 에서 제일 이지 암!!,2026-01-22,0,목요일,기타
@생강같은넘,일자리만 많아봐라 한국청년들 다 모인다,2026-01-22,350,목요일,기타
@freejone6878,"부산 광안리 , 해운대 , 금정산 등산.... 남포동",2026-01-22,4,목요일,지역자부심
@엘레노아-l9j,서면이 중앙에 있어서 이동이 편리함...,2026-01-22,1,목요일,기타
@yazota,"일본 처럼 개방 된 성문화, 애니 게임의 피규어 문화,  빵, 케익, 식당까지 있는 아기자기한 캐릭터 산업으로 관광객이 넘쳐남.  하지만 우리나라는 그런 캐릭터나 방문객을 사로 잡는 귀여움이나 놀라움, 또는 감성을 느낄 수 있는 그런게 없다는거..  길거리의 먹거리도 뻔하고 캐릭터화 시킨 음식이 없다는거 그런게 문제",2026-01-22,0,목요일,숙박/물가
@빙곤-d2b,돼지국밥 만원으로 올랐다 샤갈ㅜㅜ,2026-01-22,10,목요일,기타
@先行性記憶喪失症,"무슨 인천따위랑 부산을 비교하냐ㅋㅋ
거긴 그냥 관문공항 즉 입국을 위해서 거쳐가는 그 이상도 이하도 아니지 인천에 뭐 볼게있다고ㅋㅋ",2026-01-22,2,목요일,지역자부심
@MFlee-w3s,"인천은 송도 국제국항 덕이지

인천국제공항 이후로 인구가 급격히 늘어남 ᆢ",2026-01-22,4,목요일,기타
@민지빠,좋디 못한 기사네.. 지금도 제조업 등안시해서 허상만 큰데 이런기사까지 뜨면 더 엉망될텐데... 제발 제조업 등안시하지마라.. 소비 위주의 도시는 시간이 지나면 유령도시 된다 쫌.. 정신좀 차려라...,2026-01-22,0,목요일,교통문제
@セオイツキ,인천은 공항 없었으면 갈 이유도 없음,2026-01-22,2,목요일,기타
@JS-ij6jd,박살난 환율에 마치 우리나라사람들이 베트남 등 동남아 여행가는 기분 일라나....,2026-01-22,16,목요일,관광객 쏠림
@엔더슨볼튼,망한부산인데,2026-01-22,1,목요일,지역자부심
@user-vg1jdbfhijbvcjgfc,이 상황에도 배아파하는 집단들,2026-01-22,5,목요일,기타
@promax2638,바가지와  위생에  총력 신경쓰라   시구청들아,2026-01-22,3,목요일,숙박/물가
@현우성-x9t,제주만 하던 무비자 풀리는 바람에 제주에 중국관광객 많이 줄었음;;,2026-01-22,4,목요일,관광객 쏠림
@sjyun-pc1kj,아파트 지어서 돈 빼먹기 바쁜 빨간당 부산 시장이라서 이딴데 신경 쓸 겨를이 없어요.... 빨간당 맨날 뽑아주는 부산이라면  인건비 최저 수준에다 일자리도 답 없어서 부산 젊은이들 서울로 다 빠져나가는 꼬라지 인데도 아파트만 주구장창 지어대서 아파트 공화국 + 노인과 바다를 평생 못 벗어날거임 고인물이 되면 썩어 나자빠지는건  당연한 세상이치 임 한번씩 물갈이 해줘야 깨끗해 집니다,2026-01-22,1,목요일,경제효과
@싱클레어-s7w,"공항, 부두 출입국 인원 늘여라. 대체 관련기관은 뭐하는거냐. 출입국 지연, 미어터진다는데",2026-01-22,19,목요일,기타
@SunnyJ-v8e,인천보다는 부산이 볼게 많지.,2026-01-22,3,목요일,지역자부심
@UJ1004,지진에 취약합니다,2026-01-22,1,목요일,기타
@M.Ozil2,"ㄹㅇ 고향은 부산이고 대학, 대학원, 직장 전부 서울인데 회사만 좋으면 다시 돌아간다",2026-01-22,19,목요일,지역자부심
@금nim,일자리 많아요. 부산에 사람갈아넣는 회사 천지빼까린데 ㅋㅋ,2026-01-22,8,목요일,지역자부심
@생강같은넘,​ @금nim 쌩노가다 공장많죠,2026-01-22,8,목요일,기타
@light-light,니가 정주영이 되라. 니가 현대를 세워라. 그래야 전설이 써진다.,2026-01-22,2,목요일,기타
@pastortt4167,너보고 오라 그런적 없는데?,2026-01-22,0,목요일,기타
@SangEonPark-xv5cq,녹산산단 지나는데 일자리 넘쳐보이더만,2026-01-22,2,목요일,기타
@생강같은넘,​ @SangEonPark-xv5cq 거기만 있어서 될일??,2026-01-22,2,목요일,기타
@탑여의나루,동남아 환율 더박살남 지금가면 진짜 더싸게 놀고올수있음 일본도 싸고.부산보다 일본이 더저렴 중국이 예전같지않게 비싸진느낌,2026-01-22,2,목요일,지역자부심
@김광민-z4g,인천은 공항매출이 상당수겠지,2026-01-22,8,목요일,경제효과
@권오현-n7b8f,8 분 넘어서 부터는  한 여름 옷 차람 인데...,2026-01-22,1,목요일,교통문제
@hkc7894,부산에서는 바가지 경험 없어 좋음,2026-01-22,20,목요일,지역자부심
@skstse2030,부산은 진짜 한두번 가는거면 그만한 관광지는 없지 ㅋㅋ,2026-01-22,0,목요일,지역자부심
@냥냥펀치-r6j,그래 일자리도 없는데 관광이라도 키우자.,2026-01-22,48,목요일,기타
@큐큐큐-o7b,일자리만 많으면 부산만큼 살기 좋은 지역이 없지,2026-01-22,668,목요일,지역자부심
@유-o4w,내 고향 흥해라,2026-01-22,3,목요일,지역자부심
@이윤정-d4g,"부산인으로 기쁜일이지만 환율 영향으로 싼맛에 오는건지 제대로 짚어볼 일이다.
세계적으로 자산가치가 2-30프로 이상 하락해있다는 현실에 주목해야한다.
가성비 여행지가 동남아에서 우리나라로 옮겨진건아닌지",2026-01-22,31,목요일,지역자부심
@sunflowerlab9827,인천이 높은 이유 - 인천 공항에서 쓰는 돈이 상당함.,2026-01-22,3,목요일,경제효과
@national_power_level,테마파크나 만들어라 도쿄엔 포켓몬테마파크까지 생기는데 ...요실금이나 쳐만들고 풋싼아,2026-01-22,0,목요일,기타
@user1872korea,"박형준 바꾸고 나면 관광, 산업, 경제 확 바뀔것 같다. 꼭 바꿔야 한다.
아파트만 좋아하는 기득권 지도자는
이제 바꿔야 한다.",2026-01-22,5,목요일,경제효과
@상헌한-y1e,"부산 롯데월드를 디즈니랜드가 아니더라도 유니버셜로 바뀐다면 금상첨화가 아닌가
 우리가족도 디즈니 유니버셜 때문에 일본 아니면 홍콩 중국을 가게 되는데 부산적인 특성을 살리면서 이런 시설까지 들어서면 해외 뿐만 아니라 국내관광객 유치도 분명 도움이 될 듯",2026-01-22,29,목요일,경제효과
@dkjang6801,"부산 도로,교통,행정 개판.
부산이 고향이지만 옛날에 탈출.
관광차 가볼만하지만
살기에는 별로인 도시",2026-01-22,0,목요일,지역자부심
@이두팔-b3j,시장이 일 잘하네,2026-01-22,3,목요일,정책 제안
@마라나타-m9w,잰부 중공인들이지요,2026-01-22,0,목요일,기타
@lelelecci,초고층 아파트를 병풍처럼 마구 지어대서 경관 다 조진다 고마 좀 지어라,2026-01-22,12,목요일,기타
@망고빙수-s4d,형준이가 일은 잘하네,2026-01-22,3,목요일,기타
@오똑이-x2p,"행저처리나 바가지만 좀 개선되면
멋진데",2026-01-22,0,목요일,숙박/물가
@shim2517,"부산은 5년 앞도 보지 못하는 느낌 관광자원 만들어야 할 지역에 아파트 만들어 자연관경 잡아 먹기
그리고 바다를 이용한 해양 관광 관련 투자 부족 야경이나 등산 홍보 및 사찰 홍보 그리고 각종 유산 알리기
옹기나 도자기 홍보 각 처의 박물관 홍보도 필요 뮤즈 생산에 더 많은 투자를 해야 한다.
기타 먹거리 홍보 해산물 건어물 등 체험하고 구입 할 수 있는 환경필요 좋은 뷰의 카페 등
마지막으로 북항에 건설해야 할 오페라 하우스 엉뚱한 부지에 건설하는 실 수 등은 다시 일어나면 안된다.",2026-01-22,5,목요일,지역자부심
@jkt2299,국힘은  부산 잘되는꼴  못봅니다,2026-01-22,5,목요일,지역자부심
@바오덕아줌마,부산날씨까지 좋아서 그래요.    부산아줌마입니다,2026-01-22,0,목요일,지역자부심
@행복투성이-f8i,쪽팔리는짓 안할려고함ㅋ,2026-01-22,5,목요일,기타
@zhlnagou250,정말 소수로 있기는 하지만 주위사람들 귀에 한번이라도 들리면 제정신으로 장사 몬하죠 ㅋㅋ,2026-01-22,2,목요일,관광객 쏠림
@부엉이-i9c,일자리는 수도권 빼고 다 없음.,2026-02-22,0,일요일,기타
@jeter293,"부산 30년 살다가 대구에서 20년 살고 있는데, 어디에 살더라고 돈만 있으면 불편함은 없죠
대구가 조용히 살기는 좋지만,  부산이 빈부의 양극화가 더 심하기는 하죠",2026-01-22,6,목요일,경제효과
@KIM_HS_0228,아니데요.,2026-01-22,2,목요일,기타
@eunkyeongjin3282,날씨 정말 좋죠 바다도 바로 있고,2026-02-22,2,일요일,기타
@3uj2sadf2,저게 일자리야,2026-01-22,1,목요일,기타
@kisontespaul1346,운전 제외 ㅋㅋㅋㅋ,2026-01-22,1,목요일,교통문제
@뚜비두밥-j1x,부산살거싳다,2026-01-22,1,목요일,지역자부심
@sturdyalways586,부산이 살기는 조까꼬 ㅋㅋ 관광하긴 딱 좋죠 ㅎ 경상도 언어 문화는 고등한 발전을 할 수 없는 언어문화 이자 구조,2026-01-22,0,목요일,지역자부심
@고인돌-l6o,대구에 살다보니 길막히면 돌아갈 우회도로도 없는 길쭉한 도로가 단점으로 보이더군요..전 개인적으로 포항이 더 좋아보임...아래위로 해수욕장도 많고 공기도 깨끗하고 바다도 깨끗하고 경주도 가깝고 일단 주변에 갈곳이 많음..,2026-01-22,13,목요일,기타
@진구-e9y, @고인돌-l6o  정말 개인적인 의견이로군요...ㅋㅋㅋㅋㅋ 존중합니다,2026-01-22,25,목요일,기타
@Sikicute,​ @고인돌-l6o 포항은 그냥 시골바다이던데 경주는 부산도가까워요 호텔 백화점 부산은 세계적인  도시죠,2026-01-22,7,목요일,지역자부심
@mlawiltj923r,*돈만 있으면 어디든 살기좋은 이세상.,2026-01-22,11,목요일,경제효과
@안재혁-h3c, @mlawiltj923r  우리나라만큼 살기 좋은 나라도 사실 찾기 힘든 것이 현실.,2026-01-22,14,목요일,기타
@그건니사정,일찍 이찍 무슨상관  중국   임대  중국상권  독식 한국잠식중   불법영업   넘사벽  정부  난 몰라   중국몽,2026-01-22,7,목요일,경제효과
@강아지-z6h,2찍이 많은 부산은 포기,2026-01-22,4,목요일,지역자부심
@바바리브,​ @강아지-z6h 역시 2찍하면 서울아닌가!!,2026-01-22,6,목요일,기타
@정치시사-r9q," @강아지-z6h  부산이 그나마 대구경북보다는 목숨걸고 국민의힘 덜한데 ...경상도 전체가 국민의힘 지역이지만, 그래도 부산 요즘 덜해짐..",2026-01-22,1,목요일,지역자부심
@zhlnagou250, @강아지-z6h 싫으면 니네 나라 중국 가면 되잖아 안그래?,2026-01-22,0,목요일,기타
@탑여의나루,동남아 졷나 싼데? 부산이 싸다고? 일본이 부산보다 저령함,2026-01-22,0,목요일,지역자부심
@성공회대사과부,이사람 ㅋㅋ 일본 환율 보면 뭐라할지 궁금하냉,2026-01-22,0,목요일,관광객 쏠림
@란상-r5n,"지상파를 어디까지 믿어야 할지 MBC, KBS",2026-01-22,1,목요일,기타
@토피넛라떼-l0l,6:40 뻘소리 하고 앉았네. 그냥 니 이상론일뿐이다. 전 세계 어느나라 어느 도시를 가봐라 특정 도시의 모든 지역을 다 관광하고 이용하는 여행객은 절대 없다. 무슨 말도 안되는 뻘소리를 시전하고 앉아있냐. 누가 몰라서 못하나? 어디 한번 예시가 있다면 가져와 보던가 어떤 나라의 어떤 도시가 모든 구역을 여행객이 찾는곳이 있는지 말야.,2026-01-22,4,목요일,기타
@앙빵만-p2d,아니 도대체 부산 시장은 일을 뭐 어떻게 하길래 욕을 이렇게나 처먹는 거냐? 일 좀 재대로 해라 말 진짜 오지게 나오네,2026-01-22,2,목요일,지역자부심
@천지개벽-f4z,"대만과 중국 같은 민족인데 왜이렇게 달라젔나 간단히 보면 대만이 세련된 신사라면 중국 대륙인은
촌티벗지못한 어딘지 모르게 불안한 모습같은 그런모습이다",2026-01-22,1,목요일,기타
@김민준-m9v,역시 제 2의 도시 부산!!!! ~~~~ ^^ ♥♥♥♥♥♥,2026-01-22,69,목요일,지역자부심
@몽실-i9y,바가지 요금은 없는 것 같다,2026-01-22,84,목요일,숙박/물가
@귀곡천계,"부산이 아무리 난리부루스를 춰도, 현재 갖고 있는 입지조건을 관광상품으로 개발될 요소가 제한적이라 (서울도 사실 볼거리가 부족하지만,  인지도로 억지춘향  관광지인 서울의) 대체제 관광지로서의 위상보다 그저 틈새시장 관광지 수준~",2026-01-22,1,목요일,지역자부심
@미숙김-f9p,Kbs 직원 줄이고 유투브로 합병시켜라,2026-01-22,0,목요일,기타
@미숙김-f9p,인천가지 바가지 폭리 잔반쓰는 식당 더러운 음식 다 통영회간다,2026-01-22,1,목요일,숙박/물가
@미숙김-f9p,부산은 내란당이 개판만들었다 엘시티로 내란세력 특검과 처형이 되어야 부산이 최소 6위도시 유지다,2026-01-22,1,목요일,지역자부심
@ksh3561,"부산에 제일 꼴보기 싫은거 = 순살 고층 닭장 아파트 말뚝 오지게 박아 놔서 하늘과 산 다가림;;;; 진짜 경관 존망했음

동남아 나라들 해안 도시 보면 진짜 예쁜데
그 이유가 바다 옆에는 낮은층의 건물들이 쫙 펼쳐져 있어서 하늘도 뻥 뚫려 보이고 산도 보이고 바다도 보이고 모든게 그림처럼 졸화로워서 예쁨. 보통 예쁜 경치(산, 바다, 강 등) 가 있으면 그 가까운곳에서는 건물 고도를 제한하여 경관을 망치지 않고 많은 사람들이 그 풍경을 즐기도록 하는데 이상하게 한국은 경관이 좋은 곳마다 초고층 닭장 아파트 세워서 마치 “우리만 볼거야!!!!”하고 가로 막아 두는것 같음.

일본 같은 경우 후지산이 보이는쪽은 고도 제한을 해서 높은 건물을 못짓게 함. 
만약 그걸 모르고 지어버리면 부수게 함. 
많은 사람들이 다양한 방향에서 후지산을 볼 수 있도록 하고 높은 건물을 세워 후지산을 보는 시야를 막는걸 용서하지 않음.",2026-01-22,6,목요일,지역자부심
@youngkim6769,바가지 장삿꾼들 아웃 시켜라 !,2026-01-22,13,목요일,숙박/물가
@kyubonglee2915,해운대 갑 주진우의원은 중국인 무비자입국에 굉장히 부정적이던데 해운대는 망해야되지 않겠나,2026-01-22,1,목요일,관광객 쏠림
@jflow-ty6tu,특별히 바가지로 유명한 데는 없는데 자갈치는 좀 마니 비싸 ㅋ,2026-01-22,1,목요일,숙박/물가
@김슨상-z7g,홍어를팔면 재벌이 될건데,2026-01-22,0,목요일,기타
@그린3,"물 들어 올때 노만 젖지
말고  바가지등  관리
잘해라,,",2026-01-22,466,목요일,숙박/물가
@tinggaldikorea,선거나 똑바로 해라 부산것들아…내란당 맨날 지지 하지말고,2026-01-22,0,목요일,지역자부심
@타불라-p2j,"위생적,청소청결이 최고의 경쟁력이 됩니다",2026-01-22,178,목요일,지역자부심
@최성우-s8t,"인천은 관문공항 때문이지,..",2026-01-22,44,목요일,기타
@yearning-k3y,서부산은 관광보다 산업위주니까 올때가 읍지 ㅋㅋ,2026-01-22,11,목요일,지역자부심
@youngsy7087,JTBC,2026-01-22,1,목요일,기타
@이빛채운,Bts 콘서트에 10배 올린다는데 진짜 노예근성 부산 바가지 숙박업소들 한철장사 역겹고 한국이미지 깍는데 피해보상이라도 받아야하나,2026-05-21,0,목요일,지역자부심
@미숙김-f9p,정신병이지 일병이병삼병사병 ㅎㅎㅎ 개누리,2026-01-22,1,목요일,기타
@user-upupup150,그리고 광안리 축제는 세금으로 운영되는 만큼 특정 상권의 혜택이 되지 않게 가격 상한선을 일반 시기의 몇 퍼센트를 넘지 않게 신고제 도입하면 좋겠습니다. 돈 많이 벌거 같지만 가격만 올라가고 권리금 형성되고 임차료 올라가고 다 죽습니다. 해운대 전철을 밟지 않기를...,2026-01-22,7,목요일,경제효과
@user-upupup150,전적으로 동의합니다. 가격 올라가면 다 같이 죽는겁니다.,2026-01-22,6,목요일,숙박/물가
@suilovejl,노를 젓다,2026-01-22,3,목요일,기타
@박서준-c9m,부산보다 서울 인천 관광지가 더 심함. 부산 거의 대부분은 현지인과 외지인 차별없고 전통시장이나 비 프렌차이즈 업소에가도 차별없음,2026-01-22,16,목요일,지역자부심
@Goldstar_kor, @박서준-c9m  해운대 근처에 그 악명높던 포차만 생각하면 ㅈ 같은 기억뿐임 ㅋㅋㅋㅋㅋ 이제는 없어진거 같던데 거기 뿐만인가 뭐,2026-01-22,1,목요일,교통문제
@Chatbot2943,그건 딴 동네나 신경쓸 일.,2026-01-22,6,목요일,기타
@Z맨철거,철거하고 새로 짓는 것도 하나의 경쟁력이겠지요 경쟁력을 확보하는 부산청년들 영상보시러오세요,2026-03-22,0,일요일,지역자부심
@해운대간웅이,이런뉴스엔 시장탓은 없구만ㅋㅋㅋ,2026-01-22,3,목요일,정책 제안
@남해바다-v1g,서울 사람 부산 시장 박형준이는 서울집값 내려갈 걱정만 합니다.,2026-01-22,1,목요일,지역자부심
@shk9732,서울이 압도적 1위네 이건 왜 그렇노. 서울에 뭐 볼게 있다고,2026-01-22,2,목요일,기타
@성이름-j8f2z,왜 좋다는 생각이 안들까,2026-01-22,0,목요일,기타
@엠블랜드드림,사실  인천에  볼게 있나    공항이  인천으로 가는 바람에  어부지리  들리는것곳이지  어디서  부산이랑 비고하냐   수도권 에 있어니 인구나  늘지,2026-01-22,49,목요일,지역자부심
@user-q6y6r,동래파적이  없네 ㅡ!!,2026-01-22,0,목요일,기타
@heojongbok100,더러운 부산 하수구 냄새와 똥물바다 어떻게 할거야?,2026-01-22,0,목요일,지역자부심
@punktal-m2v,바가지가 없음.송도는 조금 있음.,2026-01-22,3,목요일,숙박/물가
@TV-mv4bc,웰컴투부샨,2026-01-22,4,목요일,기타
@Kim-ow4jg,부기가 있는지도 몰랐다...부산시민인대,2026-01-22,0,목요일,지역자부심
@jun-br9nt,부산이 세계적인 관광도시로 손색이 없다   이번엔 제발 시장좀 잘뽑아라,2026-01-22,44,목요일,지역자부심
@emoaom,박형준이 화낼라. 관광 수입 관심 없다던데 아파트만 짓고 삥 뜯을 생각만 한다던데,2026-01-22,37,목요일,기타
@jaechae8853,아퍄트나 지어대고 공항 반대하는 국민의 힘이나 뽑는 노인네들땜에 안타깝다 부산.. 하드웨어가 진짜 넘사인 도시임 투표좀 잘해라,2026-01-22,8,목요일,지역자부심
@미래트롯가수,팀장님 잘부탁합니다,2026-01-22,0,목요일,기타
@hie-eunlee6213,바가지 요금 단속해라,2026-01-22,10,목요일,숙박/물가
@museball1,바가지 불친절을 근절하라!,2026-01-22,0,목요일,숙박/물가
@인생뭐있어-m7v,부산 좀비들 또 내란 국짐 부동산 투기 엘씨티 박형준 또 뽑아주면 너희는 정말 찐좀비들,2026-01-22,0,목요일,지역자부심
@하담김-q2x,대만 사람들 남포동와서 이불 엄청 사감.... 이불이 킥인듯... 구경하면 이불집에 대만 사람들만 넘쳐남... 바가지 씌우지말고  롱런하는게 되길.... 외국인들 올때 잘하고 바가지 절대 씌우지마라...,2026-01-22,0,목요일,숙박/물가
@최유기-c8y,인천은 바다가 바다가 아니지ㅋㅋ,2026-01-22,46,목요일,기타
@사과나무999,관광도시  부산 되자 기업도 없는데,2026-01-22,143,목요일,경제효과
@moonlightbranch,시장이 바뀌면 앞으로 더 발전할듯,2026-01-22,0,목요일,정책 제안
@lorune3156,일단 수도니까 무조건 저기는 찍어보고 가고 쇼핑을 저기서 다 해버리니 어쩔 수가 없는듯 합니다. 상권 규모가 다 몰려있으니.,2026-01-22,1,목요일,경제효과
@tv-vk3ix,비지니스 목적도 많음,2026-01-22,0,목요일,기타
@엠블랜드드림,인천은  서울의  식민지   물동량  따지면    세계로  따져야지   세계 제2위 환적항  물동량  2위 가  부산이고    1위 상하이  인천은  있는지  없는지도  모르지,2026-01-22,2,목요일,지역자부심
@탑여의나루,인천항 물동량이 얼마인지아세요? 인천공항은 아시아 최고의 공항임 서울이 무시해도 부산이 무시할 도시는아님 서울본사기업들이 부산보다 인천에 지점을 더 많이 두는 이유는? 대졸자 수급등 인력풀이 부산보다 100배 좋음,2026-01-22,4,목요일,경제효과
@swlee1967,​ @탑여의나루 물동량은 배가 워낙 많아서 인천은 한계가 있어요,2026-01-22,3,목요일,기타
@sj893,​ @탑여의나루  그게 서울버프 잖아 서울 근처에 붙어 있으니 이득 보는거지,2026-01-22,1,목요일,기타
@트리레몬-i4g,​ @탑여의나루  인천항 물동량 부산항 물동량의 절반도 안되는데 왜 비빔?,2026-03-22,0,일요일,지역자부심
@jkk1704,선택지가 두명뿐이라...,2026-01-22,0,목요일,기타
@소윤-x1h,공감합니다😊,2026-01-22,0,목요일,기타
@훈요10조,더불어만진당😂😂,2026-01-22,0,목요일,기타
@Jaeseong-y5h,시장이 잘해서 이렇게 된거 아닌가?,2026-01-22,6,목요일,정책 제안
@karuna9211," @Jaeseong-y5h  다이나믹 부산이 부산에 딱 맞는 구호인데도 부산 이즈 굿이 뭔가요??
저런 수준이 시장이니 지금 터질텐데 아직도 저 정도밖에 안 되는거고..아파트만 주구장창 지어서 노인이고 청년이고 모두 힘들게 하고 있잖소",2026-01-22,1,목요일,지역자부심
@roskfl-n6s, @Jaeseong-y5h  시장이 잘해서 그런건 전혀 아니죠. 허수아비를 그자리에 앉혀놨다고 해도 기본적으로 저정도는 됩니다. 오히려 더 잘될수도 있었지만 시장 때문에 저정도 밖에 안됩 겁니다.,2026-01-22,9,목요일,정책 제안
@Chatbot2943,ㄹㄷ언?,2026-01-22,2,목요일,기타
@Honmonostick,왜 저건 박형준 업적으로 안 보는 거임?,2026-01-22,2,목요일,기타
@emoaom,"​ @Honmonostick  ㅋ 친구들과 손집고 한참을 웃었다. 박씨는 기업은 다 내보내고, 일자리는 없애고, 그자리에 아파트만 지어댔다. 박씨가 어디 관광관련 정책 낸적있나. K한류 때문에 해외 유튜버들이 다 살려놓은거지",2026-01-22,3,목요일,경제효과
@jkk1704,"그래서 뽑았던게 오거돈 ㅋㅋ
국힘이나 민주나 노답임",2026-01-22,2,목요일,경제효과
@현무-c9t,투표잘해서 지금 부산에 관광객 넘 쳐난다 이 사람아,2026-01-22,7,목요일,지역자부심
@daebak1,​ @현무-c9t 부산시 투표가 아니라 민주당 정부가 들어서서겠지😂,2026-01-22,1,목요일,지역자부심
@jaechae8853, @현무-c9t  관광객이 공항불편하다는데??? 투표랑 관광객많은거랑 어떤 상관있는지 말해봐라 이사람아ㅋㅋㅋ,2026-01-22,1,목요일,관광객 쏠림
@dollsface,"인천 너무 드러워 ,,,",2026-01-22,0,목요일,기타
@차르-p9i,바다가 아니라 걍 쓰레기같은  뻘밭 똥바다,2026-01-22,0,목요일,기타
@kokonara3497,다 좋은데 외국인도 온라인 예매가 가능하게 좀 해줘라. 한국 만큼 온라인 예매 힘든 나라도 드물다,2026-01-22,104,목요일,외국인 인식
@jang7503,있을때잘해라  외국인여성 상대  돌려차기  같은것도   대책을 새워라 ᆢᆢ 어떤영상보니  크루즈  출항  수속이  엉망이더만 ᆢ 대책은 세웠는감요,2026-01-22,1,목요일,교통문제
@2long2,노인과 바다 아파트 밖에 안보인다 이번에 사람 잘 뽑자,2026-01-22,13,목요일,관광객 쏠림
@valla-d2c,이재명 정부와 민주당이 자꾸 해양수산부 팔아대며 뽐뿌질하는데 부산은 해양수산부로 발전할 수 있는 도시가 아니라 싱가포르 같은 국제도시가 되어야 발전합니다. 예전처럼 무역이 파워가 있지않은 공급망 불균형 시대에 무슨 철지난 해양 어쩌고 물류 저쩌고 타령인지.. 해양수산부가 문제가 아니라 법인세 없는 도시로 만들어야합니다 그럼 기업들이 왜 안들어오겠습니까 외국에서도 기업 하겠다고 몰려옵니다 이렇게 해야 부산은 발전합니다.,2026-01-22,3,목요일,경제효과
@k이글,"부산이 인천이 앞지른것보다 
부산보다 인천이 앞서있었다는 것이 더 놀랍다.
외국인들이 인천 여행간다는 소리 못들었는데 선족이들 포함이라 그런가..
생각보다 관광객 숫자가 많네 인천.",2026-01-22,3,목요일,지역자부심
@ziscad,부산 경기는 왜!!!!!! 바닥인가!!!!!! 돈은 다 어디로 흘러가는가!!!!!!!,2026-01-22,18,목요일,경제효과
@HayJay-kc9ey,"노인과 바다와 아파트만 있으면되는이유..
좋아",2026-01-22,1,목요일,기타
@Sereno8888,"야 ㅋㅋㅋ 홍콩도 몰리는 곳만 몰려. 장난 똥땨리나, 무슨 북조선이야... 골고루 못 살게. ㅋㅋㅋ",2026-01-22,0,목요일,기타
@후이후이-l6i,관광 더 개발해야할듯 2번은 안 오겠는데,2026-01-22,1,목요일,정책 제안
@joseph3277,곧 부산의 명물 바가지요금 등장예정.,2026-01-22,1,목요일,지역자부심
@tpz2001,빨리 가덕도 신공항 만들어라. 김해공항 미어 터진다.  어디 시장터도 아니고,2026-01-22,39,목요일,정책 제안
@cfhcxfcd756,부산 관광 체계적 연구와 안내가 필요하다  아직도 알려진 곳에만 몰리는 무식한 관광만 난무함,2026-01-22,22,목요일,지역자부심
@민서와앵무새,지민카페 가서 진짜 놀랐다~  80%가 외국인이더라 내가 외국인 같음~  문화계의 힘인거 같다.  대단하고 멋지다.,2026-01-22,5,목요일,지역자부심
@timkim2,"시설 많이 부족하지
하지만 부산에서 바가지가격에 기분나빴던 기억은 없어 ""쪼잔한 짓 안합니더"" 그때 그사투리가 멋있었다",2026-01-22,362,목요일,지역자부심
@ukjlee,"부산의 미래 먹거리는 관광
산업 활성화다 해운대등
바다와 낙동강등 강 국립
공원 금정산등  바다,강
산 이렇게 다 갖춘도시
아름다운 부산 관광객 
늘어날 수 밖에 없다~~",2026-01-22,52,목요일,지역자부심
@Mr-ky9we,"부산행정이 너무나도 개판이다
변화하는 시대에 너무 맞추질 못하고 맨날 답습수준",2026-01-22,79,목요일,지역자부심
@Mr-ky9we,"제2의 김해공항이 필요합니다.
가덕도는 너무.멀어요
군사공항이 아닌.24시간 허브 공항이 필요합니다.
그래야 관광과 산업을 같이 가져 갈수 있습니다.",2026-01-22,7,목요일,기타
@알감자-m6o,"댓글놈들아...서울아..수도권아
같은나라다..존중하고 응원하자",2026-01-22,1,목요일,지역자부심
@oooooooooooiw,박형준은 뭐했냐???아파트나 지었겠지,2026-01-22,13,목요일,기타
@지니스-d6d,진짜 상하이나 도쿄보다 관광객 많나요?,2026-01-22,0,목요일,관광객 쏠림
@jflow-ty6tu,맞는 말인데 아파트를 시장이 짓나 싶네,2026-01-22,2,목요일,정책 제안
@ryucam5932,그게 전재수가 지휘해야할 일임,2026-01-22,1,목요일,기타
@valla-d2c,@r @ryucam5932  전재수 같은 소리하고 있네 ㅋㅋㅋㅋㅋ,2026-01-22,3,목요일,기타
@ryucam5932,입출국 관문인 국제공항이 인천이라..,2026-01-22,4,목요일,기타
@k이글,​ @ryucam5932 아,2026-01-22,0,목요일,기타
@요요-t6l,서울도 바가지 인천도 바가지 부산도 바가지 나라 전체가 바가지네 ㅋㅋㅋㅋㅋ,2026-01-22,1,목요일,지역자부심
@ryucam5932,"ㅋㅋㅋㅋ 그 정병은 잊을만하면 나오네 
그런 건 양심없는 할배할매들 위주지 우버만 불러도 사기 안 당함 
좀 더 디지털화가 되어야 사기를 치고 바가지를 씌우고 싶어도 못 씌우지",2026-01-22,0,목요일,숙박/물가
@Chatbot2943,그건 ㄹㄷ.,2026-01-22,0,목요일,기타
@milli-z1p,가덕도도 무안공항처럼 철새 서식지임. 절대 만들면 안됨. 있는 공항 확장하면 됨,2026-01-22,1,목요일,기타
@j-skim6857,"김해공항을 좀 더 확장보강하면 됨. 
쓸데없이 기하학적 세금 퍼 쓸 필요없이 기존 인프라를 이용, 확대하면 됨.
가덕도신공항은 정치인들 표 얻기 수단, 실 이동많은 부산에서 가덕도까지 너무 멀어 실효성 떨어짐.
고추말리는 공항이 될 수도...",2026-01-22,3,목요일,지역자부심
@kkakak9927,가덕도 위치가 조끝터서 안된다,2026-01-22,6,목요일,기타
@kkakak9927,가덕도 위치가 조끝터서 안된다,2026-01-22,3,목요일,기타
@아카리-y6q,​ @kkakak9927 머라하노 김해공항 그대로 두는것보다 훨씬 낫다 에혀,2026-01-22,8,목요일,기타
@lorune3156,부산 서쪽에서 경남 거제도 빠져나가고 오고 할때 드라이브 코스는 최고라 생각합니다. 부산은 바다로 먹고 사는 도시이니만큼 바다와 조선소 항구 이런걸 잘 보존해야 합니다,2026-01-22,1,목요일,지역자부심
@빈손2,얼마전 해운대 갔더니 엄청난 관광객이 있었 지만 내국인과 다른 느낌을 받지 못하겠더라 대만사람은 중국본토 사람과 확실히 달라 보이더라,2026-01-22,1,목요일,관광객 쏠림
@SN-hu8wz,자갈치 송정 영도 송도 이런조개구이집가면 원래 카드도안받고 쪼잔한짓 ㅈㄴ많이합니다.,2026-01-22,0,목요일,기타
@youngsy7087,"의외로 조선족상인들이 많아요..
어설픈 사투리쓰는게 웃픈일😢😢😢",2026-01-22,0,목요일,기타
@montauk1571,자갈치 안 가봤노 ㅋㅋ,2026-01-22,22,목요일,기타
@drak1265, @montauk1571  자갈치는 바가지보단 원래 20년 30년 전에도 비싼곳이였는데?? 부산사람이지만 거기서 생선산적이없어,2026-01-22,26,목요일,지역자부심
@행복투성이-f8i,​ @montauk1571 자갈치어디 바가지 썻음? 나 자갈치 자주가서 술많이 마시는데 바가지쓴적 없는데,2026-01-22,11,목요일,숙박/물가
@choi6557, @montauk1571  자갈치 코딱지만한 점포 임대료가 천만원 넘어감 ㅋㅋ..,2026-01-22,5,목요일,기타
@dltspshfrh135,자갈치시장 회먹으러 갔다가  거의 폭력적인 호객 당하고   기겁을 하고 왔던 기억이....무서웠음.,2026-01-22,10,목요일,정책 제안
@abcde-c1g,​ @dltspshfrh135 현지인들 절대 안 가는 곳임ㅋㅋ,2026-01-22,16,목요일,기타
@ililililililili1234,"​ @dltspshfrh135 편드는게 아니라, 다른 지방가서 먹어보니 자갈치가 회가 싱싱하긴해요. 그리고 요즘은 바가지 많이 없는데...",2026-01-22,10,목요일,숙박/물가
@Ito-q9g, @dltspshfrh135 쪼잔한 짓은 안하나보네;;; 대놓고 폭력적 레벨쯤되야지 ;;;,2026-01-22,0,목요일,기타
@Rehamots,서울사람들은 로켓트타나? 나도 서울 사는데 뭐 얼마나 다른 시설을 사용하지?,2026-01-22,4,목요일,관광객 쏠림
@junhyukLee-j2c,전 한국살면서 처음 뒷통수 맞듯 바가지 당한게 부산이라... 전에 부산터미널에서 버스타기전에 닭강정 20000원어치 샀는데 거의 5000원어치 넣어주더라구요. 내가 이상한건가 싶어서 인터넷 보니 일부러 버스타기 직전인 사람들 노려서 바가지 씌우기로 유명한 곳이었어요,2026-01-22,2,목요일,지역자부심
@트리레몬-i4g,어떤 시설이 많이 부족하다는거임?,2026-01-22,6,목요일,기타
@roskfl-n6s,그렇게 하는데도 매번 국민의힘 만 찍어주는 부산 시민들 책임이죠.,2026-01-22,14,목요일,지역자부심
@왕자님-p1k, @roskfl-n6s  그럼 광주는 극단적으로 민주당 몰빵했는데 왜 그렇죠?,2026-01-22,5,목요일,기타
@우마이a, @roskfl-n6s 아이고 정치병자 제발 병원가서 치료를 받으세요,2026-01-22,11,목요일,기타
@ryucam5932,"산 때문에 가덕도 짓는 거임
뜨고 내리는 게 24시간 해야 육상도 거기에 맞출 수 있음",2026-01-22,7,목요일,기타
@부야-v2p,"관광객 많이 온다는 기사 보면서  뭐했냐니?
당신은 머했소?",2026-01-22,10,목요일,관광객 쏠림
@bitcoin2032,뻘짓꺼리 엑스포 추진했죠 뭐 당연 말아 먹었지만 ㅋㅋ,2026-01-22,1,목요일,기타
@부야-v2p,​ @bitcoin2032 무안공항 참사에 한마디 해보시지.,2026-01-22,1,목요일,기타
@Chatbot2943,알바네.,2026-01-22,0,목요일,기타
@ojh0420,그래도 또 뽑아주겟지 2026년 지방선거다 내란당 또 뽑아주그라,2026-01-22,4,목요일,기타
@ukjlee,"​ @ojh0420 그렇다고 오거돈 전시장 보면서 더불어만진당
뽑겠냐????",2026-01-22,1,목요일,경제효과
@부야-v2p,"​ @ojh0420 그럼 통일교에 뇌물 받아먹는 전재수를 뽑아줄까?
전과자,범죄자가 득실거리는 당은 필요없다.",2026-01-22,1,목요일,기타
@현무-c9t,​ @ojh0420  시장과 정치인 잘 뽑아서 외국인 관광객 넘쳐난다는데 무슨 불만있으신지???,2026-01-22,5,목요일,관광객 쏠림
@user-pw1js3vi8d,해운대 광안리가면 외국인이 대부분,2026-01-22,8,목요일,관광객 쏠림
@user-vl9wd3ei7u,Bts 효과에 원화 쓰레기 효과다..냉정하게 보자,2026-01-22,0,목요일,기타
@키다리아저씨-n9o,것보다 소비 순위 3위가 인천인게 더 놀랍네.. 좀 의외라서ㅋ,2026-01-22,22,목요일,기타
@우리아름다운나라-v9g,솔직히 산이면 산 바다면 바다가 조화된 경관 자체는  서울 인천 아니 대한민국 어디에 내 놔도 손색이 없는 도시지 인프라 또한 서울 못지 않고 당연히 관광 1번지가 되어야 마땅하다고 본다.,2026-01-22,607,목요일,정책 제안
@봄날-q7u,김해공항이 너무 좁다. 화장실도 리모델링 좀 해.,2026-01-22,351,목요일,기타
@하늘이여-x8l,시장이 문제야  행정은 개판,2026-01-22,18,목요일,정책 제안
@펜홀,"서구청은 송도해수욕장 입구에서 
혈청소로 이어지는 해안 지질공원 데크길의 관리 좀 신경써라.
아니, 입구를 틀어막고 출입을 금지하는건 너무한 처사 아니냐?
가을 관광철에 난간 페인트칠 한다는 핑계대고 한달 넘는기간을 출입금지 시키는건
직무유기에 해당하는거 아니냐.
난간 페인트칠, 일주일도 안돼서 끝낼걸 한달넘게 한다고?
에라이~~",2026-01-22,148,목요일,기타
@대한-t7y,ㅎㅎㅎ  김해 공항 입국장은 초 만원이고... 이런 공항을  보고 얼마나 한심한지...,2026-01-22,68,목요일,기타
@skoh7424,지민과 정국의 고향이라는 이유로 인기가 많다고 한다.,2026-01-22,13,목요일,지역자부심
@voyager1145,점령?🙄,2026-01-22,2,목요일,기타
@봄날-q7u,인천공항이 해외관광객 첫도착지인데다 환승시간에 인천 여행하는 상품도 있다던데.,2026-01-22,9,목요일,관광객 쏠림
@enid3636,공항에서 소비액이 어마어마 하지,2026-01-22,4,목요일,기타
@집돌이-d4g,인천공항이있자나,2026-01-22,3,목요일,기타
@Fekorastro,인공으로 입국해서 첫날 검단 송도 청라 영종 등지에 1박하고 다음날 서울가는경우도 있는듯,2026-01-22,1,목요일,기타
@강백호-z2w,인천공항에서 소비 많이 한다고 들었음.,2026-03-22,1,일요일,기타
@손현주-e7i,산 바다 들판 강 항구 다 있는 도시는 지구촌 다 털어도 별로 없음,2026-01-22,17,목요일,기타
@anwlroqkstk-i6j-h7j,천혜의 자연환경+화려한 도시+인프라 다있음,2026-03-22,7,일요일,정책 제안
@곰곰-n2o,사촌들 부산살아서 가끔놀러가면 부며듦… 부산살고싶다!!,2026-03-22,5,일요일,지역자부심
@정주노-u9z,"저희동네도 좀와주세요ㅜㅜ
하긴 시내딸랑하나있고 덥고. 랜드마크도없고 썩었으니오겠나ㅜ",2026-01-22,2,목요일,기타
@mitsnariishida5320,​ @정주노-u9z 썩은 동네 어딘가여 궁금,2026-01-22,3,목요일,기타
@무릉도원-w2y,"심지어 낙동강, 수영강도 있어 강변 풍경도 좋음",2026-05-11,2,월요일,기타
@제트기,"KBS.....지역 감정 부축이는겁니까 ? 
인천은 그곳대로 , 부산은 부산대로 서로
나라안에서 발전하면 좋지 ..꼭 지역 이름 붙여서 앞질렀다는 둥..감정싸움시키면 어떻게 합니까  ?",2026-01-22,3,목요일,지역자부심
@mitsnariishida5320,​@제트기일본도 오사카 쿄토 나고야 등 지역끼리 경쟁 합니다. 먼소리하는지..,2026-01-22,3,목요일,기타
@TheDukesade,외국인 장애인 관광객 휠체어 택시나 타게 해줘 인천은 해 주는뎨,2026-01-22,0,목요일,관광객 쏠림
@올바른단,서울은 1200만이다 ㅋㅋ 비빌걸 비벼야지,2026-02-22,0,일요일,기타
@k이글,"화장실이 문제가 아니라 터미널 하나 더 지어야될 상황.
입국자 출국자들 많은데 수용이 안됨",2026-01-22,42,목요일,기타
@가즈아123,진짜 박터지든데. 8월달 12월달에 국제선 이용해보니.,2026-01-22,14,목요일,기타
@딸기제니퍼,알았다.,2026-01-22,7,목요일,기타
@Honmonostick,그러니 진작에 가덕도 시작했어야 했는데 대구가 발목 잡고 늘어져서 이 꼬라지지,2026-01-22,0,목요일,기타
@슈가-o7o,그래도 후쿠오카 공항보다 낫다. 줄서서 체크인이라니 벌서는거 같더라,2026-03-22,1,일요일,기타
@Kim-ow4jg,김해공항 800만이 이용하는대 공항수준이 아프리카 공항수준임....국제선 자주가는대,2026-01-22,0,목요일,기타
@msdigital7065,"김해신공항을  빨리 착공해야.  수년내 완공가능하고 비용도 크게 절약할수 있다.  가덕도 공항 봐라.   10년이나 걸리는데다  연결도로, 철도  제외하고  공항건설비만 10조가 넘는다. 멀리 시골 해안에 고작 활주로 하나란다.",2026-01-22,18,목요일,교통문제
@KIM_HS_0228," @msdigital7065  김해공항은 야간에 이.착륙이 불가능하고 주변 지형으로 인해 착륙할 때 항상 위험도가 있다는게 문제입니다.  특히 부산 북쪽의 산 지형으로 인해 과거에도 산과 여객기가 충돌해서 전원 사망했던 적도 있었습니다. 
그 문제 해결해야지 김해공항 확장이 가능할겁니다.",2026-01-22,10,목요일,지역자부심
@모루모루,​​ @msdigital7065 가덕도 하자는 애들은 매국노 들임. 애초에 싸게 해서 수익성이 있어야지. 바다 매워서 하는 거 자체가 돈이 어마어마한데 그걸 왜하자는 건지. 그냥 표받을라하고 주민들은 돈벌어 먹으려 혈안되서 주장함,2026-01-22,1,목요일,경제효과
@재천조-s3b, @msdigital7065  도시 한 복 판 에 지 을 까,2026-01-22,0,목요일,기타
@mitsnariishida5320,진짜 외국인들 오는데.공항 후줄근하면 쪽시릴듯..내가 작년 추석에 대만 여행갔었는데 와 티오위엔 공항인가? 조낸 작대..제주공항보다 작을듯..,2026-01-22,3,목요일,외국인 인식
@트리레몬-i4g,​ @mitsnariishida5320  타오위안공항 신공항이라 큰데 뭐가 제주항공보다 작음?ㅋㅋㅋ,2026-03-22,3,일요일,기타
@봄날-q7u,​ @mitsnariishida5320 인천공항만 터미널두개나 지어놓고 지방사람들 유럽가려면 다 인천공항까지 가야 합니다. 부산대구권에 신공항 하나정도 지어줘야 하는거 아닌가요. 김해공항 좁아터져서. .또 유럽가는건 인천공항가서 타야하니 화납니다.,2026-01-22,0,목요일,지역자부심
@junghoonin,"​ @mitsnariishida5320 타오위안 1터미널, 2터미널 있고 3터미널까지 공사중입니다 ㅎㅎ;; 본인이 본 것만이 전부라고 생각하지 마세요~",2026-03-22,0,일요일,기타
@그런게않이라,노무현정부때 밀양공항 만들었어야했음…. 휴,2026-02-22,4,일요일,기타
@벼리-w9q,​ @그런게않이라 불가능. 밀양은 산봉우리 29개를 깍아야 하는데 소음피해는 그대로.,2026-03-22,7,일요일,기타
@ojh0420,그 시장 의원 수십년 뽑운게 느들이야 부산사람들아,2026-01-22,0,목요일,지역자부심
@부야-v2p,그럼 오거돈은 여자판?,2026-01-22,6,목요일,경제효과
@ojh0420,​ @부야-v2p 열심히 내란당 뽑아 2찍 빙아,2026-01-22,0,목요일,기타
@ryucam5932,"시장은 전재수 하면 될 듯
해수부 유치에 힘쓴 것 처럼 발전할 부분들 유치할 것 같음",2026-01-22,1,목요일,경제효과
@SangjinKim-f2j,서구청 원래 그래요ᆢ돌머리들만 있는 구청.구청장.,2026-01-22,10,목요일,기타
@귀요미레오,낚싯군들 쓰레기 투척 장난아님~~  쓰레기가 마구 굴러다니고~~ 낚싯꾼들에게 쓰레기 청소 돈받아야 안버리지~,2026-01-22,4,목요일,경제효과
@펜홀,"​ @귀요미레오 
문을 열어야 들어가든지 말든지 하지요.
태풍으로 일부 훼손 됐다고, 몇 년 동안
닫아 놓더니, 이제사 겨우 복구돼서 돌아볼수 있으려나 했는데, 또 닫아버리니, 이건 아예 닫아만 놓으려고
작정한것 같습니다.",2026-01-22,2,목요일,기타
@소나무-i4i,다이찍들이 시장 구청장이라그랴,2026-01-22,1,목요일,정책 제안
@Z맨철거,저희는 정확하고 빠르게 철거합니다. 질질 끄는 철거는 그만 30대 부산철거인들의 영상보러오십쇼!,2026-03-22,0,일요일,지역자부심
@째쭈-z6o,주차장도 좀 어떻게 해야할듯.,2026-01-22,7,목요일,교통문제
@김로버트-n2q,크루즈항은 더문제 ㅡㅡ,2026-01-22,6,목요일,기타
@Kim-ow4jg,갬해공항 쪼맨 하잖아 그건 못느낌?,2026-01-22,3,목요일,기타
@user-vg1jdbfhijbvcjgfc,그래서 가덕신공항을 추진하는데 초나치지마라 서울공화국 인간들아,2026-01-22,1,목요일,기타
@슈가-o7o,모르겠다. 맨날 붐비나? 대구공항 보면 코딱지 라고 하겠네,2026-03-22,0,일요일,기타
@ott3463,먼소리야? 뭐가 한심한데요?,2026-01-22,6,목요일,기타
@p9s-b4q,그랴서 가덕도 신공항 건설,2026-01-22,8,목요일,기타
@우리아름다운나라-v9g,"아니지요
대한민국 대도시 중 부산만큼 아름다운 바다와 산 그리고 그에 걸맞는 인프라 갖춘 도시가 있나요?",2026-01-22,14,목요일,지역자부심
@summer-l9z5r,그 이유라면 태형이의 고향도 인기 많아야지요.  그냥 우리나라 도시중에 부산만한 매력있는 도시가 없어요.,2026-01-22,11,목요일,지역자부심
@사나머니-k8g,"ㅋㅋㅋ 웃기지 좀 말어
부산이 가진 숨은 인프라가 빛을발하는거지
사람보는 눈은 다 똑같거든ㅋ",2026-01-22,8,목요일,지역자부심
@Jack-jb3tc,"감천문화마을, 해운대, 용궁사에 가면 외국인이 넘쳐남. 한국인보다 더 많은 듯.",2026-01-22,6,목요일,관광객 쏠림
